Réponse (French),(A),(AD),(H),(HD),A,ABS,AD,ALIM,ANAT,ARCH,ART,BOT,ELEM,FRAG,GÉO,H,HD,MQ,NAT,OBJ,PAYS,RADIO,SC,SCÈNE,SEX,SG,VÊT
" Moi ça me fait penser à un papillon de nuit avec les mandibules. On dirait un mélange de pleins d’insectes. Il y a les mandibules, 3 ailes, un dard et des yeux de grenouille.",1,0,0,0,0,0,0,0,0,0,0,0,0,0,0,0,0,0,0,0,0,0,0,0,0,0,0
"Une personne de chaque côté (forcément, c’est symétrique). Il est fléchi avec sa tête, ses pieds, ses bras",0,0,0,0,0,0,0,0,0,0,0,0,0,0,0,1,0,0,0,0,0,0,0,0,0,0,0
Une casserole sur une gazinière de… de camping. La gazinière et une grosse casserole,0,0,0,0,0,0,0,0,0,0,0,0,0,0,0,0,0,0,0,1,0,0,0,0,0,0,0
Ah deux lapins qui se tapent la main avec les oreilles et les pattes euh…,0,0,0,0,1,0,0,0,0,0,0,0,0,0,0,0,0,0,0,0,0,0,0,0,0,0,0
"Et… Une personne avec des grosses lèvres, ses yeux, ses sourcils. Ils ne sont pas…",0,0,0,0,0,0,0,0,0,0,0,0,0,0,0,0,1,0,0,0,0,0,0,0,0,0,0
"Et aussi comme une sorte de visage avec le nez, les yeux ici (pointe) et pas de bouche",0,0,0,0,0,0,0,0,0,0,0,0,0,0,0,0,1,0,0,0,0,0,0,0,0,0,0
Ah et ça : ça me ferait penser à un papillon,0,0,0,0,1,0,0,0,0,0,0,0,0,0,0,0,0,0,0,0,0,0,0,0,0,0,0
"Une tête de taureau élargie, avec les narines, les yeux, les cornes ici",0,0,0,0,0,0,1,0,0,0,0,0,0,0,0,0,0,0,0,0,0,0,0,0,0,0,0
"Je vois aussi une femme qui danse, sa jambe gauche ou droite en fait et ici l’autre jambe, pliée et ses bras sont mis au-dessus de sa tête comme ça.",0,0,0,0,0,0,0,0,0,0,0,0,0,0,0,1,0,0,0,0,0,0,0,0,0,0,0
Un poisson ici,0,0,0,0,1,0,0,0,0,0,0,0,0,0,0,0,0,0,0,0,0,0,0,0,0,0,0
Ici un hippocampe,0,0,0,0,1,0,0,0,0,0,0,0,0,0,0,0,0,0,0,0,0,0,0,0,0,0,0
"Comme un oiseau, ça pourrait être un corbeau, ici avec son socle",0,0,0,0,1,0,0,0,0,0,0,0,0,0,0,0,0,0,0,1,0,0,0,0,0,0,0
"Je vois des animaux partout moi !
Je vois des têtes d’animaux avec un bec
",0,0,0,0,0,0,1,0,0,0,0,0,0,0,0,0,0,0,0,0,0,0,0,0,0,0,0
Un chien avec sa langue,0,0,0,0,1,0,0,0,0,0,0,0,0,0,0,0,0,0,0,0,0,0,0,0,0,0,0
"Ici, je vois une crevette",0,0,0,0,1,0,0,0,0,0,0,0,0,0,0,0,0,0,0,0,0,0,0,0,0,0,0
Ici je vois des chaussures dans le blanc,0,0,0,0,0,0,0,0,0,0,0,0,0,0,0,0,0,0,0,0,0,0,0,0,0,0,1
"Dans le sombre, comme une route qui part loin avec un coucher de soleil derrière",0,0,0,0,0,0,0,0,0,0,0,0,0,0,0,0,0,0,0,0,1,0,0,0,0,0,0
Une chauve-souris de haut avec ses pattes,0,0,0,0,1,0,0,0,0,0,0,0,0,0,0,0,0,0,0,0,0,0,0,0,0,0,0
"Dans le blanc, quelqu’un assis, avachi, qui tient un téléphone ou une télécommande",0,0,0,0,0,0,0,0,0,0,0,0,0,0,0,1,0,0,0,1,0,0,0,0,0,0,0
Une pince ici,0,0,0,0,0,0,0,0,0,0,0,0,0,0,0,0,0,0,0,1,0,0,0,0,0,0,0
Une clochette dans le blanc,0,0,0,0,0,0,0,0,0,0,0,0,0,0,0,0,0,0,0,1,0,0,0,0,0,0,0
"Une lune, une demi-lune",0,0,0,0,0,0,0,0,0,0,0,0,0,1,0,0,0,0,0,0,0,0,0,0,0,0,0
Je vois des narines,0,0,0,0,0,0,0,0,0,0,0,0,0,0,0,0,1,0,0,0,0,0,0,0,0,0,0
"Et ici un enfant assis euh un enfant assis. Celle-ci j’ai eu du mal à trouver des trucs dedans
",0,0,0,0,0,0,0,0,0,0,0,0,0,0,0,1,0,0,0,0,0,0,0,0,0,0,0
"Merci, Je vois un chien ou un chat dans le blanc",0,0,0,0,1,0,0,0,0,0,0,0,0,0,0,0,0,0,0,0,0,0,0,0,0,0,0
Une créature énervée avec un corne tordue ,1,0,0,0,0,0,0,0,0,0,0,0,0,0,0,0,0,0,0,0,0,0,0,0,0,0,0
"Je vois des escaliers. Une fois qu’on voit quelque chose, on n’arrive plus à plus la voir *Arrêt après un long silence*
",0,0,0,0,0,0,0,0,0,0,0,0,0,0,0,0,0,0,0,1,0,0,0,0,0,0,0
"Là, une panthère avec une patte décalée",0,0,0,0,1,0,0,0,0,0,0,0,0,0,0,0,0,0,0,0,0,0,0,0,0,0,0
Des mains *prend de la distance avec la planche et revient*,0,0,0,0,0,0,0,0,0,0,0,0,0,0,0,0,1,0,0,0,0,0,0,0,0,0,0
Des cuisses de poulet,0,0,0,0,0,0,0,1,0,0,0,0,0,0,0,0,0,0,0,0,0,0,0,0,0,0,0
Je vois une boule de glace,0,0,0,0,0,0,0,1,0,0,0,0,0,0,0,0,0,0,0,0,0,0,0,0,0,0,0
Des griffes aussi,0,0,0,0,0,0,1,0,0,0,0,0,0,0,0,0,0,0,0,0,0,0,0,0,0,0,0
"Autre chose que je vois, je me souviens plus, quelque chose dans la mer. C’est pas du corail, je sais pas ce que c’est",0,0,0,0,1,0,0,0,0,0,0,0,0,0,0,0,0,0,0,0,0,0,0,0,0,0,0
Une créature,1,0,0,0,0,0,0,0,0,0,0,0,0,0,0,0,0,0,0,0,0,0,0,0,0,0,0
Une pince,0,0,0,0,0,0,0,0,0,0,0,0,0,0,0,0,0,0,0,1,0,0,0,0,0,0,0
Une créature en jaune,1,0,0,0,0,0,0,0,0,0,0,0,0,0,0,0,0,0,0,0,0,0,0,0,0,0,0
Je vois deux hommes euh qui se soutiennent à une falaise,0,0,0,0,0,0,0,0,0,0,0,0,0,0,0,1,0,0,0,0,1,0,0,0,0,0,0
Et je vois un poisson,0,0,0,0,1,0,0,0,0,0,0,0,0,0,0,0,0,0,0,0,0,0,0,0,0,0,0
"Ok,des ailes d'ange avec des mains et le coté ""ahhh"".",0,0,0,1,0,0,0,0,0,0,0,0,0,0,0,0,0,0,0,0,0,0,0,0,0,0,0
Et là plus genre un loup avec les yeux et le pelage autour.,0,0,0,0,0,0,1,0,0,0,0,0,0,0,0,0,0,0,0,0,0,0,0,0,0,0,0
"Aller ca peut etre drole effectivement,un chapeau qui remonte sur les cotés,un peu russe,voilà",0,0,0,0,0,0,0,0,0,0,0,0,0,0,0,0,0,0,0,0,0,0,0,0,0,0,1
"C'est bizarre,si on peut terminer là-dessus,l'ange là,le fait qu'il y ait une double bosse ic(montre),ca m'a fait un peu bizarre car ca fait le coté avec les mains comme ca(imite l'ange),c'est une espèce d'ange à deux etes tu vois,on voit bien,juste deux tetes c'est bizarre.",0,0,1,0,0,0,0,0,0,0,0,0,0,0,0,0,0,0,0,0,0,0,0,0,0,0,0
"Il y a un truc qui me perturbe,ce n'est pas symétrique,il y a des taches la(montre) que tu ne vois pas là,ca me perturbe,ce n'est pas symétrique",0,0,0,0,0,0,0,0,0,0,0,0,0,1,0,0,0,0,0,0,0,0,0,0,0,0,0
"Premier truc auquel ça me
 fait penser, et c’est marrant parce
 que c’est pas du tout la forme là,
 mais là, ce creux là, ce vide-là, ça
 me fait penser à quand tu fais un
 bisou avec du rouge à lèvre sur un
 truc et que du coup il reste le trou
 du… du truc… Le rouge ça me
 gêne grave",0,0,0,0,0,0,0,0,0,0,0,0,0,1,0,0,0,0,0,0,0,0,0,0,0,0,0
"Ça du coup (montre le bas
 de l’image), et c’est un peu gênant
 du coup (rires), mais ça, ça me fait
 penser à des hanches, et ça, le côté
 symétrique ça me fait penser à un
 vagin, mais c’est super flippant du
 coup, (longue pause) gênant plus
 que flippant mais bon…",0,0,0,0,0,0,0,0,0,0,0,0,0,0,0,0,1,0,0,0,0,0,0,0,1,0,0
"Et ensuite, c’est beaucoup
 plus drôle comme ça, ça me fait
 penser à un dromadaire, non
 chameau car deux bosses, avec la
 tête ici (montre) il n’a pas les
 jambes pas la queue mais il a la
 tête ici et une, deux bosses
 (montre), ça occulte un peu le truc
 car c’est pris de manière
 dissymétrique.",0,0,0,0,1,0,0,0,0,0,0,0,0,0,0,0,0,0,0,0,0,0,0,0,0,0,0
"Ça me fait penser à un
 animal marin dont j’ai oublié le
 nom Comme je ne le vois pas comme
 un tout, le côté dissymétrique me
 choque moins. D’ailleurs, il y en a
 moins j’ai l’impression.",0,0,0,0,1,0,0,0,0,0,0,0,0,0,0,0,0,0,0,0,0,0,0,0,0,0,0
"Ça, c’est un nœud
 papillon mais c’est assez classique",0,0,0,0,0,0,0,0,0,0,0,0,0,0,0,0,0,0,0,0,0,0,0,0,0,0,1
"Si on enlève le nœud
 papillon, il y a un serveur ici
 (cache droite), qui s’apprête à
 retirer une chaise et qui est
 légèrement en arrière et il y a
 quelqu’un qui fait la même chose
 de l’autre côté. Mais du coup, la
 table est minuscule.
 Mais là t’as vraiment le serveur
 avec la tête, les bras sur la chaise
 et avec les jambes et hum voilà
 (montre sur l’image).˄ Les tâches là m’évoquent pas
 grand-chose",0,0,0,0,0,0,0,0,0,0,0,0,0,0,0,1,0,0,0,1,0,0,0,0,0,0,0
"Et alors comme ça, dans
 le sens-là, pour moi, un insecte,
 des gros yeux là (montre), des
 mandibules là (montre), et les
 papattes là (montre). Une fois
 encore, ça sous-entend d’occulter ça (cache les deux taches rouges
 de chaque côté en bas avec ses
 mains).Et en fait, je l’aime bien celui-ci
 par rapport aux autres",0,0,0,0,1,0,0,0,0,0,0,0,0,0,0,0,0,0,0,0,0,0,0,0,0,0,0
"Une fois encore tu peux
 reconnaitre des têtes (montre),
 t’aura quelqu’un qui ferait… je
 sais pas… Genre une fois encore
 les jambes (montre), et qui est en
 train de…
 Et là les bras encore, et qui est en
 train de s’étendre derrière comme
 ça (mime), comme s’il faisait de la
 gym avec les jambes en l’air.
 (cache le bas de l’image avec ses
 mains).Ouai faut un peu d’imagination
 mais heu…. Ça se fait encore bien.
 Après je suis d’accord que les
 formes et les proportions sont pas
 respectées mais c’est le truc que je
 vois en tous cas.˅ Ces tâches-là m’inspirent
 vraiment pas, nulle part je les vois
 dans aucuns trucs en fait.",0,0,0,0,0,0,0,0,0,0,0,0,0,0,0,1,0,0,0,0,0,0,0,0,0,0,0
"Ce qui est drôle dans le
 personnage qui remonte là c’est
 que genre il a une espèce de crête,
 tu vois, les cheveux un peu
 n’importe comment, genre un
 style…",0,0,0,0,0,0,0,0,0,0,0,0,0,0,0,0,1,0,0,0,0,0,0,0,0,0,0
"Comme ça, ça me fait
 penser à… que le creux, les deux
 trous là en fait (montre), quand tu
 regardes un crâne sur une radio ça
 fait vraiment le trou des yeux
 parce qu’en fait c’est comme si
 t’avais le changement de densité
 ici (montre)",0,0,0,0,0,0,0,0,1,0,0,0,0,0,0,0,0,0,0,0,0,1,0,0,0,0,0
"Du coup ça me fait
 penser, si je peux inclure ça
 comme infos, au squelette, ça va te
 faire rire, de Indépendance Day,
 des méchants, des extraterrestres,
 c’est un espèce de squelette
 chelou, super évasé comme ça,
 voilà.",0,0,1,0,0,0,0,0,1,0,1,0,0,0,0,0,0,0,0,0,0,0,0,0,0,0,0
"Ça casse tout car ça me
 fait penser à beaucoup de choses
 ici, genre une tête bah un buffle ou
 un sanglier, un truc comme ça tu
 vois (cache le reste de la planche
 avec ses mains).",0,0,0,0,0,0,1,0,0,0,0,0,0,0,0,0,0,0,0,0,0,0,0,0,0,0,0
"Et si tu le mets comme ça
 (incline la planche), ça fait des
 visages mais bon bref on s’en fout
 des détails",0,0,0,0,0,0,0,0,0,0,0,0,0,0,0,0,1,0,0,0,0,0,0,0,0,0,0
"Ça ça me fait penser à des
 oreilles de cochons, je sais pas pourquoi mais tu sais les oreilles
 de cochons qui sont rabaissées",0,0,0,0,0,0,1,0,0,0,0,0,0,0,0,0,0,0,0,0,0,0,0,0,0,0,0
"Et quand tu caches comme
 ça, (enlève la tête de buffle) je suis
 sur le dos d’un cochon genre en
 train de le chevaucher, parce qu’en
 fait, t’as les oreilles et t’as le bout
 du nez, t’as même des épaules ça
 fait plus minotaure que cochon,
 c’est des épaules qui remontent
 Et tu vois tous ses trucs là, ces
 changements de densité, je sais
 pas, ça fait vachement pelage en
 fait, comme si t’étais derrière un
 minotaure comme ça.",1,0,0,0,0,0,0,0,0,0,0,0,0,0,0,0,0,0,0,0,0,0,0,0,0,0,0
"Alors ça c’est une ligne (la
 trace avec son doigt), de l’eau
 (montre le bas), pas de l’eau (montre le haut), pour faire simple
 ou l’inverse",0,0,0,0,0,0,0,0,0,0,0,0,1,0,0,0,0,0,0,0,0,0,0,0,0,0,0
"Tu vois le fait que là ça
 part en profondeur par là-bas tu
 vois (à gauche), genre ici tu peux
 avoir des nénuphars, des machins,
 des trucs comme ça, et tu passes à
 côté de la flotte et tu as genre un
 lac ou un truc comme ça",0,0,0,0,0,0,0,0,0,0,0,1,1,0,0,0,0,0,0,0,0,0,0,1,0,0,0
"En fait, on a l’impression
 que c’est un lac ou un canal plutôt,
 ça c’est le bord du canal ici
 (montre la ligne), donc tu as le
 reflet, ce qui est drôle car la nuit,
 t’as pas de reflet parce que t’as pas
 assez de lumière mais comme
 c’est sombre ça donne envie
 d’imaginer la nuit.",0,0,0,0,0,0,0,0,0,0,0,0,0,0,0,0,0,0,0,0,1,0,0,0,0,0,0
"T’as même si tu regardes
 bien tu as des espèces d’ombres
 ici, tu peux imaginer des gens qui
 se baladent, une fois encore
 comme c’est rare la nuit ou alors
 tu imagines le côté brumeux",0,0,0,0,0,0,0,0,0,0,0,0,0,1,0,1,0,0,0,0,0,0,0,1,0,0,0
"Ça ça me fait penser à un
 panache de train, je sais même pas
 si c’est pertinent ou pas",0,0,0,0,0,0,0,0,0,0,0,0,0,1,0,0,0,0,0,0,0,0,0,0,0,0,0
"Bah ça on dirait un
 papillon de nuit,",0,0,0,0,1,0,0,0,0,0,0,0,0,0,0,0,0,0,0,0,0,0,0,0,0,0,0
"Ça me fait penser à
 Batman aussi (rires) Hum ça me fait penser au papillon
 de nuit plus qu’à Batman
 Et le papillon de nuit, et là je te
 raconte des histoires aussi, tu vois
 je t’avais dit qu’il me fallait un
 peu de temps pour me dérider,
 j’aurai plus de trucs à dire sur les
 cinq dernières du coup, je suis
 désolée (rires)
 Hum l’ambiance, le fait qu’on
 passe un test, que ce soit le
 Rorschach donc il y a un côté test plus psychologique que de
 personnalité dans ma tête mais
 voilà
 Le papillon de nuit ça me fait
 penser à, comment ça s’appelle, le
 silence des agneaux, et tout son
 thème autour du changement et de
 l’évolution que je trouve pour le
 coup très intéressant et qui est
 symbolisé par le papillon plus que
 le papillon de nuit mais heu par le
 papillon, par le côté hum, chenille,
 chrysalide, et changement de peau
 tu vois. Pour le coup, le film est un
 peu flippant mais assez sympa
 Après, moi, Qu’est
 -ce que ça veut
 dire par rapport à moi bah …. Je
 sais pas mais je te partage ce à
 quoi je pense et ça me fait penser à
 ça.
 Humm voilà voilà
 Après si je te partage plus que ça,
 c’est plus par rapport à l’image
 mais faut que tu me dises si c’est
 cohérent ou pas car du coup là je
 vais parler de moins en moins de
 l’image. (réponse : il faut parler de
 l’image, ce que tu vois )
 Le papillon il a des yeux chelou",0,0,1,0,0,0,0,0,0,0,1,0,0,0,0,0,0,0,0,0,0,0,0,0,0,0,0
"Ça pour le coup (montre)
 ça me fait un peu froid dans le dos
 parce que ça me fait penser aux
 parasites que tu as dans les
 insectes de manière générale
 Ça leur fait des gros yeux que la
 normale parce qu’en fait il y a un
 parasite qui est à l’intérieur",0,0,0,0,1,0,0,0,0,0,0,0,0,0,0,0,0,0,0,0,0,0,0,0,0,0,0
"Par contre à l’inverse, la
 queue elle est vachement classe et
 jolie.",0,0,0,0,0,0,1,0,0,0,0,0,0,0,0,0,0,0,0,0,0,0,0,0,0,0,0
"Fait notable et intéressant,
 il va vers l’avant, il est en train
 d’étendre les ailes pour se décoller",0,0,0,0,1,0,0,0,0,0,0,0,0,0,0,0,0,0,0,0,0,0,0,0,0,0,0
"Parce qu’on pourrait le
 prendre dans ce sens-là, à l’inverse
 ça voudrait dire qu’il aurait déjà
 décollé, il a les ailes en haut enfin
 je sais pas Mais j’aime mieux cette image
 d’élancement surtout parce que la
 queue elle est plus parfaite",0,0,0,0,1,0,0,0,0,0,0,0,0,0,0,0,0,0,0,0,0,0,0,0,0,0,0
": Alors que là ce serait
 bizarre et les yeux ne seraient pas
 aussi je sais pas voilà voilà",0,0,0,0,1,0,0,0,0,0,0,0,0,0,0,0,0,0,0,0,0,0,0,0,0,0,0
": Là ça me fait penser à
 Freddy Mercury (rire), mais bon
 faut de l’imagination mais je sais
 pas si tu vois cette photo ou il est
 comme ça en arrière (réponse oui)
 Le micro, la tête (montre) et ça
 marche aussi dans l’autre sens",0,0,0,0,0,0,0,0,0,0,0,0,0,0,0,1,0,0,0,0,0,0,0,0,0,0,0
": Là je vois un menton, une
 bouche, un nez à moitié…
 Et en fait la façon dont c’est en
 avant, pour le coup c’est un peu
 plus, pas une image super agréable
 et jolie",0,0,0,0,0,0,0,0,0,0,0,0,0,0,0,0,1,0,0,0,0,0,0,0,0,0,0
"T’as l’impression là c’est
 un… comment on appelle ça, heu
 merde, un bout de bois super
 grand sur lequel t’es accroché,
 comme si c’était quelqu’un qui
 était accroché à ça parce que ça
 ressemblerait plus à des bras qui
 sont liés derrière, un peu genre
 sorcière qui va être brulée
 Et le fait que ce soit un peu flou ça
 me fait évoquer le côté sorcière
 qui a déjà un peu démarré à brûler
 quoi avec la fumée
 C’est moins réjouissant, je
 préférais Freddy Mercury ˂ Cela dit quand il a la bouche
 fermée, il n’a pas l’air de crier de
 ouf
 Et là sur le même principe, et c’est
 marrant il a fallu que je le retourne
 car je ne le vois pas de ce côté-là,
 je vois vraiment la sorcière",0,0,1,0,0,0,0,0,0,0,0,0,0,1,0,0,0,0,0,0,0,0,0,0,0,0,0
"Alors que de ce côté-là, on
 met Freddy Mercury là et tu vois
 plus qlq qui est accroché et ça fait
 plus pole dance, t’as la barre Et je pense que c’est bon oui, il y
 en a des plus inspirantes que
 d’autres",0,0,0,0,0,0,0,0,0,0,0,0,0,0,0,1,0,0,0,1,0,0,0,0,0,0,0
"Premier truc, ça me fait
 penser à un vaisseau de star wars
 le Xwing, bon après il n’est pas
 exactement comme ça mais ça
 m’y fait penser",0,0,0,0,0,0,0,0,0,0,0,0,0,0,0,0,0,0,0,1,0,0,0,0,0,0,0
"Cette partie-là ça me fait
 penser à un poisson (cache le bas
 de l’image) vu du dessus, avec tu
 sais les poissons qui volent là avec
 du coup des ailes voilà vraiment
 vu du dessus quoi, ce côté genre
 du dessus",0,0,0,0,1,0,0,0,0,0,0,0,0,0,0,0,0,0,0,0,0,0,0,0,0,0,0
"Et ça tous ensemble ça me
 fait penser à une clef
 C’est une clef un peu chelou et
 donc ça… c’est juste qu’elle n’est
 pas très longue et t’imagines ca du
 coup (montre) qui est un peu plus
 allongé",0,0,0,0,0,0,0,0,0,0,0,0,0,0,0,0,0,0,0,1,0,0,0,0,0,0,0
"Ça ça me fait penser à une
 tique avec des petites dents, des
 crochets.C’est marrant parce que je ne
 prends que des parts d’images",0,0,0,0,0,0,1,0,0,0,0,0,0,0,0,0,0,0,0,0,0,0,0,0,0,0,0
"Vraiment dans son
 ensemble là où c’est le plus classe
 ça me refait penser à un rivage, de
 toute façon il y a le côté miroir qui
 fait quand même souvent penser à
 ça.Pour le coup encore plus paisible
 que tout à l’heure. Parce que tout à
 l’heure tu avais, le côté tu
 t’éloignes et tu te rapproches, tu
 vois, t’avais une notion de
 profondeur",0,0,0,0,0,0,0,0,0,0,0,0,0,0,0,0,0,0,0,0,1,0,0,0,0,0,0
"Mais là t’as plus
 l’impression que tu es en face d’un
 lac. Ouai, ça me fait plus penser à un lac. Et donc en fait, c’est genre
 de l’eau stagnante.
 Tu vois les trucs comme ça
 (montre), l’eau n’est pas agitée tu
 vois",0,0,0,0,0,0,0,0,0,0,0,0,1,0,0,0,0,0,0,0,0,0,0,0,0,0,0
"Mais ça fait quand même
 penser à un lac où genre, il pleut
 quoi, il y a genre des roseaux, des
 trucs comme ça
 Puis là ça fait plus, je sais pas
 quoi, j’arrive à imaginer le reste,
 une plaine ou je sais pas quoi
 (montre le gris foncé)",0,0,0,0,0,0,0,0,0,0,0,1,1,0,0,0,0,0,0,0,1,0,0,0,0,0,0
"Et là tu vois c’est bizarre,
 parce que tu as le changement de
 couleurs, là c’est genre le ciel
 (montre le haut), et là t’as des
 herbes avec au loin la prairie
 fleurie, des trucs comme ça Une fois encore c’est zoomé en
 fait. (S’éloigne sur sa chaise avec
 la planche, la met à distance de ses
 yeux)
 Parce que c’est vrai qu’on pourrait
 s’amuser à regarder l’image
 encore plus éloignée et auquel
 cas… Je sais pas si tu vois ce que
 je veux dire, je m’éloigne pas
 vraiment mais… si tu changes
 l’échelle en fait",0,0,0,0,0,0,0,0,0,0,0,1,1,0,0,0,0,0,0,0,1,0,0,0,0,0,0
"Et ce genre de petites
 loupiotes là, ces éclaircissements,
 ça peut être des trucs de villes en
 fait, carrément, au loin et du coup
 ça a un horizon très lointain et du
 coup ce qui explique que ce soit
 un peu brouillard
 Typiquement ça, ça serait plus
 proche, genre t’arrives, je sais pas
 moi en bateau, t’arrives sur un truc
 comme ça et t’as les lumières de la
 nuit une fois encore Mais c’est marrant parce qu’en
 fait, pour pouvoir imaginer ça, ce
 que j’ai tendance à faire, c’est
 imaginer, enfin compenser le
 blanc en fait. Dans ma tête, tu
 vois, c’est-à-dire que cette partielà n’est pas logique dans cette
 image que je t’évoquais, si on
 essaie d’en faire un tableau heu…
 ça c’est pas logique donc j’occulte
 (pfiou-bruit pour l’enlever avec sa
 main), parce que sinon ça perd un
 peu de ça…(montre là où il remet
 du gris)",0,0,0,0,0,0,0,0,0,0,0,0,0,0,0,0,0,0,0,1,0,0,0,0,0,0,0
"Ça ça fait un pistolet
 (piou-piou bruit de tir) Et ouai non, je sais pas, hum…",0,0,0,0,0,0,0,0,0,0,0,0,0,0,0,0,0,0,0,1,0,0,0,0,0,0,0
"Ça ça fait plus penser à
 des flammes",0,0,0,0,0,0,0,0,0,0,0,0,1,0,0,0,0,0,0,0,0,0,0,0,0,0,0
"Et donc tu es sûr, je sais
 pas moi genre heu… un bord de
 heu… une fois encore t’as le côté
 flotte, et t’as le côté forêt qui brûle
 quoi, incendie d’été ou je sais pas
 Du coup-là c’est beaucoup plus
 cohérent parce que c’est la fumée
 qui part de ça",0,0,0,0,0,0,0,0,0,0,0,1,1,0,0,0,0,0,0,0,0,0,0,0,0,0,0
"Ça, ça peut être une raie
 aussi, avec le truc qui pique mais
 heu… généralement c’est
 beaucoup plus fin quand même,
 mais fin voilà quoi.",0,0,0,0,1,0,0,0,0,0,0,0,0,0,0,0,0,0,0,0,0,0,0,0,0,0,0
"Et là c’est un monsieur
 grincheux avec un œil, un gros pif,
 une bouche et un menton et pas
 beaucoup de cheveux sur le
 caillou Ouai je pense que c’est bon",0,0,0,0,0,0,0,0,0,0,0,0,0,0,0,1,0,0,0,0,0,0,0,0,0,0,0
"Moi je vois un lapin mais
 alors là il est compliqué à
 expliquer (rires).",0,0,0,0,1,0,0,0,0,0,0,0,0,0,0,0,0,0,0,0,0,0,0,0,0,0,0
Un gros derrière de fourmi.,0,0,0,0,0,0,1,0,0,0,0,0,0,0,0,0,0,0,0,0,0,0,0,0,0,0,0
"Un papillon avec une fourmi, une grosse tête, des petites mains avec un radar comme les abeilles. Un mélange de fourmi, papillon et abeille.",1,0,0,0,0,0,0,0,0,0,0,0,0,0,0,0,1,0,0,0,0,0,0,0,0,0,0
"Un mort aux yeux rouges, la bouche ouverte, il a fumé un joint.",0,0,0,1,0,0,0,0,0,0,0,0,0,0,0,0,0,0,0,0,0,0,0,0,0,0,0
"Un animal mort, je sais pas... peut-être une grenouille croisée avec un cul de mouche.",0,0,0,0,1,0,0,0,0,0,0,0,0,0,0,0,0,0,0,0,0,0,0,0,0,0,0
"Un scarabée avec des pinces pour se défendre avec un corps de grenouille, il est éclaté, car il manque la partie inférieure du corps et il a des yeux de mouche.",0,1,0,0,0,0,0,0,0,0,0,0,0,0,0,0,0,0,0,0,0,0,0,0,0,1,0
Des ailes de papillon.,0,0,0,0,0,0,1,0,0,0,0,0,0,0,0,0,0,0,0,0,0,0,0,0,0,0,0
Un papillon.,0,0,0,0,1,0,0,0,0,0,0,0,0,0,0,0,0,0,0,0,0,0,0,0,0,0,0
"Un papillon avec des ailes de chauve-souris, avec des gueules pour calculer l'altitude.",1,0,0,0,0,0,0,0,0,0,0,0,0,0,0,0,0,0,0,0,0,0,0,0,0,0,0
Des tripes... je ne sais pas,0,0,0,0,0,0,0,0,1,0,0,0,0,0,0,0,0,0,0,0,0,0,0,0,0,0,0
"Des trucs indiens, un totem avec des plumes.",0,0,0,0,0,0,0,0,0,0,0,0,0,0,0,0,0,0,0,1,0,0,0,0,0,0,0
"Une fourrure d'animal, mais ils ont retiré la tête. Il reste combien de planches ?",0,1,0,0,0,0,0,0,0,0,0,0,0,0,0,0,0,0,0,0,0,0,0,0,0,0,0
"Des têtes d'éléphant, ça doit appartenir à un chasseur.",0,0,0,0,0,0,1,0,0,0,0,0,0,0,0,0,0,0,0,0,0,0,0,0,0,0,0
"Il y a des poutres pour tenir les têtes d'éléphants, c'est un chasseur qui les collectionne.",0,0,0,0,0,0,0,0,0,0,0,0,0,0,0,0,0,0,0,1,0,0,0,0,0,0,0
Un animal volant mort accroché au-dessus.,0,0,0,0,0,0,1,0,0,0,0,0,0,0,0,0,0,0,0,0,0,0,0,0,0,0,0
"Deux tigres, deux lions, deux fauves quoi.",0,0,0,0,1,0,0,0,0,0,0,0,0,0,0,0,0,0,0,0,0,0,0,0,0,0,0
Des tripes.,0,0,0,0,0,0,0,0,1,0,0,0,0,0,0,0,0,0,0,0,0,0,0,0,0,0,0
"Ils se baladent sur un truc de sang, ils vont à l'apéritif.",0,0,0,0,1,0,0,0,0,0,0,0,0,0,0,0,0,0,0,0,0,0,0,0,0,1,0
Les boyaux normaux.,0,0,0,0,0,0,0,0,1,0,0,0,0,0,0,0,0,0,0,0,0,0,0,0,0,0,0
Les boyaux fumés parce qu'ils sont verts.,0,0,0,0,0,0,0,0,1,0,0,0,0,0,0,0,0,0,0,0,0,0,0,0,0,0,0
Les branchites.,0,0,0,0,0,0,0,0,1,0,0,0,0,0,0,0,0,0,0,0,0,0,0,0,0,0,0
"C'est le corps d'un alien, car il a 4 poumons.",0,0,0,0,0,0,0,0,1,0,0,0,0,0,0,0,0,0,0,0,0,0,0,0,0,0,0
Tête d'animal.,0,0,0,0,0,0,1,0,1,0,0,0,0,0,0,0,0,0,0,0,0,0,0,0,0,0,0
"Le truc bleu, c'est de la flotte.",0,0,0,0,0,0,0,0,0,0,0,0,1,0,0,0,0,0,0,0,0,0,0,0,0,0,0
"Le rose, c'est le sang.",0,0,0,0,0,0,0,0,0,0,0,0,0,0,0,0,0,0,0,0,0,0,0,0,0,1,0
"Il y a eu une bagarre, mais le corps n'est plus là, le sang est encore frais.",0,0,0,0,0,0,0,0,0,0,0,0,0,0,0,0,0,0,0,0,0,0,0,0,0,1,0
Des petites bêtes qui boivent le sang.,0,0,0,0,1,0,0,0,0,0,0,0,0,0,0,0,0,0,0,0,0,0,0,0,0,1,0
Entre les seins il y a quelqu'un qui a marqué son territoire.,0,0,0,0,0,0,0,0,1,0,0,0,0,0,0,0,0,0,0,0,0,0,0,0,1,0,0
"Le vert, c'est de l'herbe.",0,0,0,0,0,0,0,0,0,0,0,1,0,0,0,0,0,0,0,0,0,0,0,0,0,0,0
J’aurais dit plutôt plus ou moins un papillon qui a des trous donc c’est un peu chelou…mais après c’est peut-être parce que c’est symétrique,0,0,0,0,1,0,0,0,0,0,0,0,0,0,0,0,0,0,0,0,0,0,0,0,0,0,0
"Sinon, on peut, enfin je peux voir un visage là au centre",0,0,0,0,0,0,0,0,0,0,0,0,0,0,0,0,1,0,0,0,0,0,0,0,0,0,0
Peut-être on dirait des bonhommes qui lèvent la main,0,0,0,0,0,0,0,0,0,0,0,0,0,0,0,1,0,0,0,0,0,0,0,0,0,0,0
"Ah, peut-être un nuage mais juste là",0,0,0,0,0,0,0,0,0,0,0,0,0,1,0,0,0,0,0,0,0,0,0,0,0,0,0
On dirait des lapins qui se checkent,0,0,0,0,1,0,0,0,0,0,0,0,0,0,0,0,0,0,0,0,0,0,0,0,0,0,0
On dirait un papillon là encore,0,0,0,0,1,0,0,0,0,0,0,0,0,0,0,0,0,0,0,0,0,0,0,0,0,0,0
"Ah ouais, c’est un peu bizarre mais on dirait une personne découpée à l’envers qui est sur le dos, enfin plutôt sur le ventre",0,0,0,0,0,0,0,0,0,0,0,0,0,0,0,0,1,0,0,0,0,0,0,0,0,0,0
On dirait encore un papillon,0,0,0,0,1,0,0,0,0,0,0,0,0,0,0,0,0,0,0,0,0,0,0,0,0,0,0
"A l’endroit, je vois plus un bassin",0,0,0,0,0,0,0,0,1,0,0,0,0,0,0,0,0,0,0,0,0,0,0,0,0,0,0
Un peu des bonhommes individuels de chaque côté mais un peu difformes,0,0,0,0,0,0,0,0,0,0,0,0,0,0,0,1,0,0,0,0,0,0,0,0,0,0,0
"On dirait un peu…je sais pas…ah si un éléphant ou plus un mammouth, enfin c’est plus ou moins la même chose…mais ducoup il a pas d’œil, il est déformé",0,0,0,0,1,0,0,0,0,0,0,0,0,0,0,0,0,0,0,0,0,0,0,0,0,0,0
"Bh là on dirait vraiment un papillon pour le coup…^v^… On dirait qu’il a un visage, des yeux et un nez, enfin je vois",0,0,0,0,1,0,1,0,0,0,0,0,0,0,0,0,0,0,0,0,0,0,0,0,0,0,0
On dirait une espèce de guitare dans la forme…v… ou un arbre dans l’autre sens,0,0,0,0,0,0,0,0,0,0,0,1,0,0,0,0,0,0,0,1,0,0,0,0,0,0,0
Je vois un autre truc mais je ne saurai pas dire quoi…un fruit qu’on aurait découpé mais c’est peu précis,0,0,0,0,0,0,0,1,0,0,0,0,0,0,0,0,0,0,0,0,0,0,0,0,0,0,0
On dirait un espèce de visage,0,0,0,0,0,0,0,0,0,0,0,0,0,0,0,0,1,0,0,0,0,0,0,0,0,0,0
"On dirait un peu des personnages là, le visage et le buste",0,0,0,0,0,0,0,0,0,0,0,0,0,0,0,1,1,0,0,0,0,0,0,0,0,0,0
"Les trucs là en rose sur le côté on dirait des animaux, des espèces de tigre ou panthère quelque chose comme ça",0,0,0,0,1,0,0,0,0,0,0,0,0,0,0,0,0,0,0,0,0,0,0,0,0,0,0
Le truc en haut on dirait une tête d’insecte mais rapprochée,0,0,0,0,0,0,1,0,0,0,0,0,0,0,0,0,0,0,0,0,0,0,0,0,0,0,0
Les trucs oranges on dirait un peu des flammes,0,0,0,0,0,0,0,0,0,0,0,0,1,0,0,0,0,0,0,0,0,0,0,0,0,0,0
Les trucs verts on dirait un peu des têtes de rhinocéros plus ou moins,0,0,0,0,0,0,1,0,0,0,0,0,0,0,0,0,0,0,0,0,0,0,0,0,0,0,0
On dirait qu’il y a un os en plein milieu du truc,0,0,0,0,0,0,0,0,1,0,0,0,0,0,0,0,0,0,0,0,0,0,0,0,0,0,0
Le truc gris on dirait des poumons,0,0,0,0,0,0,0,0,1,0,0,0,0,0,0,0,0,0,0,0,0,0,0,0,0,0,0
"En bleu, on dirait des palmiers",0,0,0,0,0,0,0,0,0,0,0,1,0,0,0,0,0,0,0,0,0,0,0,0,0,0,0
"On dirait un visage avec le rose, le tout et les yeux, plus un visage d’animal ducoup",0,0,0,0,0,0,1,0,0,0,0,0,0,0,0,0,0,0,0,0,0,0,0,0,0,0,0
"On dirait un petit bonhomme avec des ailes en queue de scorpion, super précis",0,0,1,0,0,0,0,0,0,0,0,0,0,0,0,0,0,0,0,0,0,0,0,0,0,0,0
Les trucs jaunes on dirait des oiseaux,0,0,0,0,1,0,0,0,0,0,0,0,0,0,0,0,0,0,0,0,0,0,0,0,0,0,0
On dirait un petit peu des petits lapins,0,0,0,0,1,0,0,0,0,0,0,0,0,0,0,0,0,0,0,0,0,0,0,0,0,0,0
"Euuh… Oh, je vois un bonhomme euh… genre vicieux (rires), je sais pas comment t’expliquer, mais genre euh, en mode là c’est ses yeux et… et genre il a un sourire en mode moqueur avec des grandes oreilles ouais",0,0,0,0,0,0,0,0,0,0,0,0,0,0,0,0,1,0,0,0,0,0,0,0,0,0,0
"Ou alors un insecte, non… si ? Ouais, non je vois ça moi. Même quand je tourne, je le vois mais juste à l’envers en fait (rires).

Je t’avoue j’ai pas… Je la trouve un peu, je sais pas, méchante genre, la pho… l’image, j’allais dire la photo c’est une image. L’image je la trouve méchante ouais, pas agréable, pas… c’est pas la meilleure quoi.",0,0,0,0,1,0,0,0,0,0,0,0,0,0,0,0,0,0,0,0,0,0,0,0,0,0,0
"Oh ! Alors là je vois un petit papillon. 
Mais j’aime bien cette image, fin j’aime bien les couleurs, c’est un peu… fin c’est moins…, c’est plus agréable que la première.
",0,0,0,0,1,0,0,0,0,0,0,0,0,0,0,0,0,0,0,0,0,0,0,0,0,0,0
"Alors, je sais pas pourquoi, mais… c’est, je sais pas… Là j’ai l’impression que c’est des pattes, genre des jambes et là un… je sais pas. Alors attends (rires). Moi je le mettrais comme ça. Ouais, là des jambes, genre des cuisses, on dirait des trucs de poulet (rires) et là un papillon, et là je sais pas.",0,0,0,0,1,0,1,0,0,0,0,0,0,0,0,0,1,0,0,0,0,0,0,0,0,0,0
"Han ! On dirait deux personnes qui se battent, tête contre tête, genre et le papillon du coup c’est le choc. Et là du coup c’est leurs pattes.",0,0,0,0,0,0,0,0,0,0,0,0,0,0,0,1,0,0,0,0,0,0,0,0,0,0,0
"On dirait des animaux. Ou des personnes ? Non, des animaux un peu, je sais pas. Ouais non, des animaux qui se battent. En plus euh, y’a un peu de rouge sur eux, donc on dirait des taches de sang. Ouais.
Beaucoup de violence hein ? (Rires)",0,0,0,0,1,0,0,0,0,0,0,0,0,1,0,0,0,0,0,0,0,0,0,0,0,1,0
"Ouais puis c’est à peu près tout. Ouais. Puis là on dirait même des petites cornes, un peu comme euh… comme des cornes du diable qui se battent.

Ouais. Voilà, c’est à peu près tout je crois. 

Oh j’ai pris une minute de plus ! (Rires)",0,0,0,1,0,1,0,0,0,0,0,0,0,0,0,0,0,0,0,0,0,0,0,0,0,0,0
"Euh, on dirait un peu deux…, deux hommes qui essayent de porter une charge lourde et là on dirait un nœud papillon. Y’a beaucoup de papillons aussi… ",0,0,0,0,0,0,0,0,0,0,0,0,0,0,0,1,0,0,0,1,0,0,0,0,0,0,1
"Là on dirait des poumons. Alors, pourquoi y’aurait des poumons… c’est une grande question. ",0,0,0,0,0,0,0,0,1,0,0,0,0,0,0,0,0,0,0,0,0,0,0,0,0,0,0
"Mais ouais, on dirait deux hommes qui se font face à face.",0,0,0,0,0,0,0,0,0,0,0,0,0,0,0,1,0,0,0,0,0,0,0,0,0,0,0
"Alors, c’est un peu bizarre ce que je vais dire mais j’ai l’impression un peu que au milieu c’est leur cœur, et que j’sais pas… y’a une euh… y’a un échange qui se fait. ",0,0,0,0,0,0,0,0,1,0,0,0,0,0,0,0,0,0,0,0,0,0,0,0,0,0,0
"Je…, je…, je sais pas pourquoi, mais je vois genre de l’amour, mais impossible, ouais. Ils ont l’air de vouloir aller l’un vers l’autre mais… ou alors, peut-être le rouge à côté c’est genre euh… leur intention qui est ailleurs et qu’en fait… je sais pas. Mmh.",0,0,0,0,0,1,0,0,0,0,0,0,0,0,0,1,0,0,0,0,0,0,0,0,0,0,0
"Oh ! Mais si je retourne l’image, je vois une grenouille ! (Rires) mais ça n’a rien à voir ! Bah ouais, là je vois une grenouille. Alors, une grenouille avec un petit papillon rouge sur euh…  mais qui manque des pattes, peut-être qu’elles sont coupées tic tic tic… ",0,0,0,0,1,0,0,0,0,0,0,0,0,0,0,0,0,0,0,0,0,0,0,0,0,0,0
"Ou alors un insecte, ouais mais genre qui s’attaque vers quelqu’un.

C’est drôle. ",0,0,0,0,1,0,0,0,0,0,0,0,0,0,0,0,0,0,0,0,0,0,0,0,0,0,0
"Ou alors deux hommes, qui sont dos contre dos, et euh… je sais pas si tu vois, mais comme… pendant l’histoire, genre en mode euh, quand ils devaient faire un duel, ils se mettaient dos contre dos, et après ils avançaient ? Et ben moi je vois ça. (Rires) Genre au début quand ils sont dos contre dos, et là je les vois ils vont… et puis j’sais pas là on dirait des pistolets, du coup c’est pour ça que je dis ça. ",0,0,0,0,0,0,0,0,0,0,0,0,0,0,0,1,0,0,0,1,0,0,0,0,0,0,0
"Ouais, puis justement, le fait que ce soit un duel et que je vois toujours des cœurs au milieu. J’sais pas j’ai l’impression qu’ils vont se battre alors qu’ils s’aiment.
Je sais pas pourquoi.",0,0,0,0,0,1,0,0,0,0,0,0,0,0,0,1,0,0,0,0,0,0,0,0,0,0,0
"Et puis là il y a encore l’histoire du sang.

Ouais voilà. 

Ouais, non j’ai rien à ajouter j’crois. 
",0,0,0,0,0,0,0,0,0,0,0,0,0,0,0,0,0,0,0,0,0,0,0,0,0,1,0
"Alors, je vois une chauve-souris. (Rires)
Celle-là elle est pas… elle est pas drôle non plus. Je la vois un peu sombre.",0,0,0,0,1,0,0,0,0,0,0,0,0,0,0,0,0,0,0,0,0,0,0,0,0,0,0
On dirait un animal écrasé ou qui est en train de mourir. Mmh.,1,0,0,0,0,0,0,0,0,0,0,0,0,0,0,0,0,0,0,0,0,0,0,0,0,0,0
"Ou là on dirait un sanglier, genre là c’est ses oreilles, et là c’est son museau. (Rires)

Pourquoi je vois que des animaux partout, c’est ça la vraie question.
",0,0,0,0,1,0,1,0,0,0,0,0,0,0,0,0,0,0,0,0,0,0,0,0,0,0,0
"Ouais je vois une bête, qui me regarde méchamment en fait. On dirait elle me veut euh…, elle me reproche quelque chose.",0,0,0,0,1,0,0,0,0,0,0,0,0,0,0,0,0,0,0,0,0,0,0,0,0,0,0
"Ou alors peut-être un masque, je sais pas. Ouais. 

Ouais, celle-là elle est pas gentille, (rires), j’aime pas, je préfère avec les taches rouges (rires).
",0,0,0,0,0,0,0,0,0,0,0,0,0,0,0,0,0,1,0,0,0,0,0,0,0,0,0
"On dirait un papillon. Y’a beaucoup de papillons, hein…",0,0,0,0,1,0,0,0,0,0,0,0,0,0,0,0,0,0,0,0,0,0,0,0,0,0,0
"Ah ! Ou alors deux oiseaux qui… genre là c’est leurs becs, et là c’est leurs ailes. Mmh.",0,0,0,0,1,0,1,0,0,0,0,0,0,0,0,0,0,0,0,0,0,0,0,0,0,0,0
Ouais un papillon qui essaye de s’envoler quelque part. Mmh.,0,0,0,0,1,0,0,0,0,0,0,0,0,0,0,0,0,0,0,0,0,0,0,0,0,0,0
"Ou le bas d’un masque, pour genre cacher la… genre là je vois le nez, et là c’est pour cacher genre la bouche, ouais.  Comme dans les méchants dans les films.",0,0,0,0,0,0,0,0,0,0,0,0,0,0,0,0,1,1,0,0,0,0,0,0,0,0,0
"Euh…
Je vois une peau de bête, c’est horrible !
Genre comme les tapis, les tapis d’ours et tout là. J’aime pas du tout. (Rires).
",0,1,0,0,0,0,0,0,0,0,0,0,0,0,0,0,0,0,0,1,0,0,0,0,0,0,0
"Ou alors euh… Qu’est-ce que je vois ? Je vois un peu un totem-là, comme les totems indiens.",0,0,0,0,0,0,0,0,0,0,0,0,0,0,0,0,0,0,0,1,0,0,0,0,0,0,0
"Puis là je vois une étendue d’herbe ou d’eau, quelque chose d’assez paisible. Si on rejoint le totem, ouais quelque chose d’assez paisible. ",0,0,0,0,0,0,0,0,0,0,0,1,1,0,0,0,0,0,1,0,0,0,0,0,0,0,0
"Et sinon ouais, quand je retourne par contre je vois une peau de bête, bon, moins paisible, avec peut-être un feu de cheminée là du coup. 

J’sais pas. Je m’imagine chez des chasseurs.
",0,1,0,0,0,0,0,0,0,0,0,0,1,0,0,0,0,0,0,1,1,0,0,0,0,0,0
"Ah, mais si je la prends comme ça, j’ai l’impression que là on est dans l’eau et qu’en fait ça c’est le reflet de l’eau et que du coup c’est un peu une forêt, ou une montagne. Un truc qui rejoint le paysage en tout cas. Mais euh, j’irais pas m’y promener hein, parce que ça a l’air un peu bizarre quand même. On dirait un peu une forêt hantée, comme dans les films. C’est peut-être la couleur noire qui me fait dire ça mais euh… Mais ouais. ",0,0,0,0,0,0,0,0,0,0,0,0,1,0,0,0,0,0,1,0,1,0,0,0,0,0,0
"Et sinon, là je vois des petits crochets genre l’impression que c’est… j’sais pas, un truc qui va se refermer pour t’attraper. ",0,0,0,0,0,0,0,0,0,0,0,0,0,0,0,0,0,0,0,1,0,0,0,0,0,0,0
"Ouais, maintenant je vois que la forêt en fait. Là ça a l’air plus sombre que là, donc je dirais que là c’est où les gens ne veulent pas aller et là contre toute attente, c’est là où on a envie d’aller. Ouais.",0,0,0,0,0,1,0,0,0,0,0,0,0,0,0,0,0,0,1,0,1,0,0,0,0,0,0
"Ou alors, là je vois deux ours ! Deux ours qui tendent leur bras comme ça. (Rires). Et là c’est leur petit museau là. Mais du coup je sais pas trop sur quoi ils sont mais… ils sont ralliés à un truc. 

On dirait ils essayent de se détacher, et que leur peau elle est fixée genre. Ouais. (Je vois leurs dos collés, rajoute-t-elle quand je demande de répéter).

Ouais j’aime bien cette planche. C’est tout ce que j’ai un peu près à dire mais j’aime bien.",0,0,0,0,1,0,1,0,0,0,0,0,0,0,0,0,0,0,0,0,0,0,0,0,0,0,0
"Alors là, je vois deux visages, avec des cheveux en l’air, qui se tournent mais en même temps qui… en fait leur tête elle est, genre retournée par rapport à leur corps, parce que j’ai l’impression que leur corps il va par là mais que leur tête elle va par là. Et là c’est genre… là c’est leur avant, fin c’est leur buste et là c’est leurs jambes je crois… Han, ouais peut-être… elles vont dans un endroit mais euh, elles veulent regarder l’autre genre. ",0,0,0,0,0,0,0,0,0,0,0,0,0,0,0,1,1,0,0,0,0,0,0,0,0,0,0
"Puis alors je sais pas pourquoi, mais là je vois un visage méchant, en mode euh, là c’est les yeux, là le nez, et j’sais pas là y’a un visage méchant qui regarde vers le bas.",0,0,0,0,0,0,0,0,0,0,0,0,0,0,0,0,1,0,0,0,0,0,0,0,0,0,0
"Alors là je vois deux petites bêtes, hop tchou tchou tchou. (Fait des signes avec ses mains).",0,0,0,0,1,0,0,0,0,0,0,0,0,0,0,0,0,0,0,0,0,0,0,0,0,0,0
"Là je vois une forêt du coup, pour se rapprocher des bêtes. 
Et en fait là on dirait un feu et on dirait qu'elles s’échappent du feu pour aller dans la forêt qui n’est pas encore en feu du coup. 
",0,0,0,0,1,0,0,0,0,0,0,1,1,0,0,0,0,0,1,0,1,0,0,0,0,0,0
"Ou alors euh, je vois des organes humains, c’est bizarre ça. Là je vois genre des poumons et le cœur. Ouais.",0,0,0,0,0,0,0,0,1,0,0,0,0,0,0,0,0,0,0,0,0,0,0,0,0,0,0
Ou alors là je vois une fleur un peu. Je sais plus comment elles s’appellent euh... Les pensées. Je vois une pensée. Ouais puis là ça serait genre sa tige avec les feuilles. Mais je sais pas ce que ça serait ça. Je dirais des larmes mais une pensée ça peut pas pleurer. (Rires). Mais on dirait.,0,0,0,0,0,0,0,0,0,0,0,1,0,0,0,0,1,0,0,0,0,0,0,0,0,0,0
"Ou alors on peut reparler peut-être du reflet, je revois aussi un reflet, pareil qui… qui euh, qui passe d’un rocher à l’autre, la bête là, la panthère, je sais pas trop quoi, mais je la vois fuir en tout cas. Ça c’est clair et net. Même si j’en vois deux, ou une, je les vois fuir. ",0,0,0,0,1,0,0,0,0,0,0,0,0,0,0,0,0,0,1,0,1,0,0,0,0,0,0
"Oh, puis là je vois une main qui essaye de l’aider genre. Peut-être lui dire euh « viens ». ",0,0,0,0,0,0,0,0,0,0,0,0,0,0,0,0,1,0,0,0,0,0,0,0,0,0,0
"Puis au centre là, je vois une tête de zèbre, je sais pas pourquoi mais euh, une petite tête de zèbre. 

Ouais, j’aime bien cette planche, les dégradés de couleurs et tout, j’aime bien. 
Elle me rend plus heureuse que celle en noir en tout cas (rires). 
Voilà. 
",0,0,0,0,1,0,1,0,0,0,0,0,0,0,0,0,1,0,0,0,0,0,0,0,0,0,0
"(Rires) Je vois une grosse dame ! (Rires) Je vois une grosse dame avec les mains comme ça (met ses mains sur ses hanches), et là c’est ses gros cheveux (rires) et là c’est son petit visage. Mais avec une tenue d’époque genre euh, en mode euh comme les dames de la cour. Avec une grosse robe et tout, là un corset, mais avec des grosses manches bouffantes, et qui se tient comme ça (me montre). Ça se voit elle va en… crier quelqu’un genre.",0,0,0,0,0,0,0,0,0,0,0,0,0,0,0,1,1,0,0,0,0,0,0,0,0,0,1
"Ou alors là je vois deux crevettes, je sais pas si c’est la couleur orange qui me fait dire ça ou… la forme bizarre mais euh, je vois des crevettes. 

Elle me fait rire, parce que du coup je vois que la grosse dame. 
",0,0,0,0,1,0,0,0,0,0,0,0,0,0,0,0,0,0,0,0,0,0,0,0,0,0,0
"Oh ! Ou alors je vois un monsieur avec des grosses moustaches. Là c’est ses yeux, et là c’est les moustaches et là c’est un gros chapeau, et là c’est le, la tenue, en plus là on dirait des petits boutons, et là un col. Du coup on dirait un monsieur ou une dame. Et le monsieur il a pas l’air content non plus. Mais on dirait un peu un monsieur, euh, un monsieur genre d’un monde féérique. En mode euh…

Alors que la grosse dame on dirait vraiment quelqu’un de… de réel. Genre ça m’étonnerait pas de la voir en vrai, dans un film médiéval, en mode qui a vraiment existé. Alors que lui je le vois plus dans un Disney ou, en mode qui existe pas.
",0,0,0,1,0,0,0,0,0,0,0,0,0,0,0,0,0,0,0,0,0,0,0,0,0,0,1
"Et son chapeau justement ça peut être les crevettes. Je le vois dans un monde marin. Ça se voit c’est un méchant d’un film en fait.

Ouais c’est tout. Je l’aime bien.
",0,0,1,0,0,0,0,0,0,0,0,0,0,0,0,0,0,0,1,0,0,0,0,0,0,0,1
"Oh on dirait euh, le bleu on dirait un feu d’artifice, et là je vois la tour Eiffel. Je vois bah du coup un feu d’artifice à la tour Eiffel.",0,0,0,0,0,0,0,0,0,1,0,0,0,1,0,0,0,0,0,0,0,0,0,0,0,0,0
"Ohh non, ou alors là on dirait un monsieur encore mais un monsieur qui sourit, lui il est bienveillant. Avec ses petites cornes genre. Non ça c’est ses sourcils en fait. Ouais j’aime bien. Là aussi je me vois un peu dans un monde féérique. En plus j’aime bien ces mondes-là alors euh…",0,0,0,1,0,1,0,0,0,0,0,0,0,0,0,1,1,0,0,0,0,0,0,0,0,0,0
Et en même temps si… là je vois des petites grenouilles.,0,0,0,0,1,0,0,0,0,0,0,0,0,0,0,0,0,0,0,0,0,0,0,0,0,0,0
Ou là je vois un monsieur pas content. Genre là c’est ses deux petits yeux.,0,0,0,0,0,0,0,0,0,0,0,0,0,0,0,1,0,0,0,0,0,0,0,0,0,0,0
"Ou alors si je le prends comme ça, on dirait une… une mâchoire d’animal comme ça, qui fait tchouc, qui a envie de faire tchouc… sur je sais pas quoi du coup. Mais euh, ouais.",0,0,0,0,1,0,1,0,0,0,0,0,0,0,0,0,1,0,0,0,0,0,0,0,0,0,0
"Ouais, non, je sais pas trop euh… alors c’est bizarre ce que je vais dire mais le vert on dirait un utérus d’une femme, genre ça a la même forme. 

Ouais c’est tout. Mais je l’aime bien aussi cette planche-là. ",0,0,0,0,0,0,0,0,0,0,0,0,0,0,0,0,0,0,0,0,0,0,0,0,1,0,0
"Euh, bah je vois un insecte euh, fin pff (soupir), style papillon ou, euh, fin voilà, avec… euh. Faut que je décrive euh vraiment avec des détails ou … ? Bah là, la première chose qui m’est venue voilà c’était un insecte, plus, voilà, plus vers un papillon, voilà parce que là il y a une forme de, fin vraiment on voit le corps au milieu avec euh, bah même des antennes fin bon bref, et puis voilà les ailes, de chaque côté.",0,0,0,0,1,0,1,0,0,0,0,0,0,0,0,0,0,0,0,0,0,0,0,0,0,0,0
"
« Bon après coup on peut voir aussi deux têtes d’animaux euh fin bon, pareil en imaginant hein. »)
",0,0,0,0,0,0,1,0,0,0,0,0,0,0,0,0,0,0,0,0,0,0,0,0,0,0,0
"Alors là c’est vrai que pour le coup y’a pas énormément de différence par rapport au premier fin mis à part que là, au milieu, y’a pas le, on va dire la partie du milieu, fin je veux dire c’est plus, c’est, fin là pour le coup y’a rien, fin c’est blanc, mais voilà sur les côtés y’a quand même encore des aspects de…, des ailes, fin voilà. ",0,0,0,0,0,0,1,0,0,0,0,0,0,0,0,0,0,0,0,0,0,0,0,0,0,0,0
"Mais bon là après, en imaginant on peut voir une allée centrale avec en bout une entrée de, de, de, de…, de porte de, de château ou je ne sais quoi, fin quelque chose d’assez euh…, d’assez grandiose on va dire.",0,0,0,0,0,0,0,0,0,1,0,0,0,0,0,0,0,0,0,0,1,0,0,0,0,0,0
"Voilà, puis sur les côtés ça peut être une allée de, d’arbres, fin voilà de végétation ou…, voilà avec au milieu une allée centrale quoi.",0,0,0,0,0,0,0,0,0,0,0,1,0,0,0,0,0,0,0,0,1,0,0,0,0,0,0
"« Maintenant ça me frappe, je vois clairement un papillon là. »)",0,0,0,0,1,0,0,0,0,0,0,0,0,0,0,0,0,0,0,0,0,0,0,0,0,0,0
"Et là je viens de voir deux têtes (rires), dos à dos.",0,0,0,0,0,0,0,0,0,0,0,0,0,0,0,0,1,0,0,0,0,0,0,0,0,0,0
"Euh bah là je peux, on peut imaginer voilà deux personnes face à face, plutôt assises, euh en train de discuter fin ou autre, fin bref euh. Euh. Voilà, après…

Voilà je vais arrêter là parce que le reste j’arrive pas trop à… C’est toujours le même thème, fin noir et rouge euh. (Rires), ouais, bah c’est toujours le rouge qui me perturbe, fin je sais pas trop comment faire pour les dessins, fin si on peut dire les dessins rouges, je sais pas trop quoi, ouais, comment faire (rires). Bah ça viendra peut-être à force euh, avec les autres (soupir) au fur et à mesure !
",0,0,0,0,0,0,0,0,0,0,0,0,0,0,0,0,1,0,0,0,0,0,0,0,0,0,0
"Je vois un nœud papillon mais je l’ai pas dit au début, parce que je voulais avoir une cohésion avec les deux personnes-là, donc qu’est-ce qu’il fout là quoi (rires), après on peut imaginer des choses.",0,0,0,0,0,0,0,0,0,0,0,0,0,0,0,0,0,0,0,0,0,0,0,0,0,0,1
"Si là on peut imaginer aussi des pattes d’animaux, plutôt à sabots, style chevaux, bovins...",0,0,0,0,0,0,1,0,0,0,0,0,0,0,0,0,0,0,0,0,0,0,0,0,0,0,0
"De chaque côté on peut voir des personnes avec les jambes en l’air, voilà, à monter les jambes.",0,0,0,0,0,0,0,0,0,0,0,0,0,0,0,0,1,0,0,0,0,0,0,0,0,0,0
"Euh, là ça peut être aussi une interprétation de, d’un insecte, euh, pff, (soupire), un insecte, je peux pas dire trop quoi, mais voilà un insecte, voilà avec des antennes, des pattes, fin…",0,0,0,0,1,0,1,0,0,0,0,0,0,0,0,0,0,0,0,0,0,0,0,0,0,0,0
"Voilà, après on peut imaginer un espèce de monstre ou je ne sais quoi, fin voilà, un truc imaginaire, euh, voilà avec des grands pieds, des mains un peu, fin des bras un peu bizarres, une tête un peu pointue euh, ouais voilà.",1,0,0,0,0,0,0,0,0,0,0,0,0,0,0,0,0,0,0,0,0,0,0,0,0,0,0
Ça peut être une sorte de limace ou…,0,0,0,0,1,0,0,0,0,0,0,0,0,0,0,0,0,0,0,0,0,0,0,0,0,0,0
"Une espèce de chauve-souris, parce que y’a quand même toujours les ailes qui… peut dire que c’est un insecte volant aussi.",0,0,0,0,1,0,0,0,0,0,0,0,0,0,0,0,0,0,0,0,0,0,0,0,0,0,0
"Bon, ma première vue, ma première vue c’est toujours, fin c’est toujours dans les mêmes…, dans ce qui, machine, c’est toujours un insecte qui me vient tout de suite en premier. Euh, pff, après voilà les insectes euh.",0,0,0,0,1,0,0,0,0,0,0,0,0,0,0,0,0,0,0,0,0,0,0,0,0,0,0
"Euh, après les extrémités voilà des côtés, fin je, je pourrais voir voilà une espèce de pattes d’animaux euh…, (soupir).",0,0,0,0,0,0,1,0,0,0,0,0,0,0,0,0,0,0,0,0,0,0,0,0,0,0,0
"Le milieu ça pourrait être aussi un corps un peu bizarre d’une personne euh, fin voilà qui (rires), un corps un petit peu, hors normes mais bon, voilà, avec des petites jambes (rires), une tête et voilà à la rigueur, un bonnet, on va dire d’âne, fin.",0,0,0,0,0,0,0,0,0,0,0,0,0,0,0,1,1,0,0,1,0,0,0,0,0,0,0
"Et puis une grande cape, fin, voilà.",0,0,0,0,0,0,0,0,0,0,0,0,0,0,0,0,0,0,0,0,0,0,0,0,0,0,1
"Alors euh… On pourrait voir une forme un peu euh, une forme, une sorte d’étoile euh, ouais une sorte d’étoile, pas très très bien faite mais bon voilà, une étoile.",0,0,0,0,0,0,0,0,0,0,0,0,1,0,0,0,0,0,0,0,0,0,0,0,0,0,0
"Euh, au-dessus ça pourrait être un oiseau.",0,0,0,0,1,0,0,0,0,0,0,0,0,0,0,0,0,0,0,0,0,0,0,0,0,0,0
"Après on pourrait voir aussi un insecte, hein toujours pareil, avec toujours les formes, voilà l’extrémité avec une espèce de pinces, euh, voilà la bouche, les antennes, fin. Ouais.",0,0,0,0,1,0,1,0,0,0,0,0,0,0,0,0,0,0,0,0,0,0,0,0,0,0,0
"Je vois plein de choses maintenant (rires). Là deux visages, dos à dos, vraiment l’extrémité, les formes du visage. ",0,0,0,0,0,0,0,0,0,0,0,0,0,0,0,0,1,0,0,0,0,0,0,0,0,0,0
"Là on pourrait voir un animal, qui serait presque immergé dans de l’eau et y’aurait son reflet avec la tête, les yeux. Je le verrai assez allongé",0,0,0,0,1,0,1,0,0,0,0,0,1,0,0,0,0,0,0,0,0,0,0,0,0,0,0
"Alors si, on peut, on pourrait imaginer deux, alors je sais pas si c’est des personnes ou des chats, j’arrive pas trop à… (rires). On va dire deux personnes face à face, en train de se regarder fin voilà euh…",0,0,0,0,0,0,0,0,0,0,0,0,0,0,0,1,0,0,0,0,0,0,0,0,0,0,0
"Ou alors peut-être des statues en sorte de, en personnes qui seraient posées voilà sur un socle euh. ",0,0,0,0,0,0,0,0,0,0,0,0,0,0,0,0,0,0,0,1,0,0,0,0,0,0,0
"On pourrait voir une entrée pareil de, de porte ou je ne sais quoi, au milieu.",0,0,0,0,0,0,0,0,0,1,0,0,0,0,0,0,0,0,0,0,0,0,0,0,0,0,0
"Euh, pff, on pourrait voir même quatre personnes, je suis en train de voir, euh fin quatre visages, donc accrochés à, deux par deux, fin ils sont accrochés deux par deux, ouais.",0,0,0,0,0,0,0,0,0,0,0,0,0,0,0,0,1,0,0,0,0,0,0,0,0,0,0
"Euh alors, on pourrait voir euh…, deux animaux de chaque côté, alors après je sais pas trop quoi, mais bon à quatre pattes, des animaux à quatre pattes, après je quoi je sais pas trop quoi comme sortes d’animaux mais voilà des animaux.",0,0,0,0,1,0,0,0,0,0,0,0,0,0,0,0,0,0,0,0,0,0,0,0,0,0,0
"Euh, ça pourrait être aussi un, au milieu donc euh un corps d’insecte voire peut-être un corps d’humain mais bon, faut être un peu imaginaire. Euh.",0,0,0,0,0,0,1,0,0,0,0,0,0,0,0,0,1,0,0,0,0,0,0,0,0,0,0
"Voilà si avec la colonne vertébrale au-dessus, fin sur le milieu.",0,0,0,0,0,0,0,0,1,0,0,0,0,0,0,0,0,0,0,0,0,0,0,0,0,0,0
"Bon après ça peut être des roches, ça peut être euh., ça peut être des roches que les animaux montent dessus.",0,0,0,0,0,0,0,0,0,0,0,0,0,1,0,0,0,0,0,0,0,0,0,0,0,0,0
"Ça peut être ou des arbres ou de la végétation, ça peut être euh… Oui.",0,0,0,0,0,0,0,0,0,0,0,1,0,0,0,0,0,0,0,0,0,0,0,0,0,0,0
"Euh si, ça pourrait être toujours un insecte bien-sûr fin…",0,0,0,0,1,0,0,0,0,0,0,0,0,0,0,0,0,0,0,0,0,0,0,0,0,0,0
"On pourrait imaginer une guitare au milieu. 

Euh. 
",0,0,0,0,0,0,0,0,0,0,0,0,0,0,0,0,0,0,0,1,0,0,0,0,0,0,0
"Deux visages un peu…, pas très nets, de chaque côté en vert.",0,0,0,0,0,0,0,0,0,0,0,0,0,0,0,0,1,0,0,0,0,0,0,0,0,0,0
"On pourrait revoir un visage avec un petit corps, et puis de même de l’autre côté. C’est vraiment les yeux qui pourraient me faire penser…, avec le nez fin. Les nuances font ressortir des éléments du visage",0,0,0,0,0,0,0,0,0,0,0,0,0,0,0,0,1,0,0,0,0,0,0,0,0,0,0
"Bah, on pourrait voir euh > < ^ des sortes d’araignées on pourrait voir. >",0,0,0,0,1,0,0,0,0,0,0,0,0,0,0,0,0,0,0,0,0,0,0,0,0,0,0
"Deux visages qui, pareil, face à face, qui se regardent. Avec un corps allongé fin, un peu, bon voilà bien-sûr imaginaire.",0,0,0,0,0,0,0,0,0,0,0,0,0,0,0,0,1,0,0,0,0,0,0,0,0,0,0
"Une euh, (soupir) un outil, une pince, fin une pince… Euh.",0,0,0,0,0,0,0,0,0,0,0,0,0,0,0,0,0,0,0,1,0,0,0,0,0,0,0
"Bah après c’est beaucoup euh fin, ouais des sortes d’araignées, araignées ou toiles d’araignées.",0,0,0,0,1,0,1,0,0,0,0,0,0,0,0,0,0,0,0,0,0,0,0,0,0,0,0
"Ça pourrait être aussi des feuilles, des feuilles d’arbre fin…",0,0,0,0,0,0,0,0,0,0,0,1,0,0,0,0,0,0,0,0,0,0,0,0,0,0,0
"On pourrait voir quatre visages là, fin deux de plus, alors là par contre qui ne se regardent pas, qui sont dos à dos.",0,0,0,0,0,0,0,0,0,0,0,0,0,0,0,0,1,0,0,0,0,0,0,0,0,0,0
"Je pourrais même dire encore plus (rires), euh, alors y’aurait quatre visages dos à dos, non même six. Et euh, quatre visages face à face qui se regardent. ^

Voilà, c’est tout bien.
",0,0,0,0,0,0,0,0,0,0,0,0,0,0,0,0,1,0,0,0,0,0,0,0,0,0,0
Une chauve-souris,0,0,0,0,1,0,0,0,0,0,0,0,0,0,0,0,0,0,0,0,0,0,0,0,0,0,0
Un scarabée,0,0,0,0,1,0,0,0,0,0,0,0,0,0,0,0,0,0,0,0,0,0,0,0,0,0,0
Une tache d'encre non de sang... ouais,0,0,0,0,0,0,0,0,0,0,0,0,0,1,0,0,0,0,0,0,0,0,0,0,0,1,0
On dirait que c’est une chauve-souris qui prend son envol et un scarabée en bas,0,0,0,0,1,0,0,0,0,0,0,0,0,0,0,0,0,0,0,0,0,0,0,0,0,0,0
"Un monstre avec les yeux, la bouche et qui me regarde méchamment. Comme le clown de … vous savez Ça",0,0,1,1,0,0,0,0,0,0,0,0,0,0,0,1,0,0,0,0,0,0,0,0,0,0,0
Oh ! Du sang,0,0,0,0,0,0,0,0,0,0,0,0,0,0,0,0,0,0,0,0,0,0,0,0,0,1,0
L’os qu’on a dans le crâne,0,0,0,0,0,0,0,0,0,0,0,0,0,0,0,0,1,0,0,0,0,0,0,0,0,0,0
Des taches de sang par exemple comme si on s’était scarifié et qu’on avait écrit sur un mur avec [mime la scarification sur le bras],0,0,0,0,0,0,0,0,0,0,0,0,0,1,0,0,0,0,0,0,0,0,0,0,0,1,0
Deux petites têtes de cochons. Oui il y a ça.,0,0,0,0,0,0,1,0,0,0,0,0,0,0,0,0,0,0,0,0,0,0,0,0,0,0,0
Comme si ça c’était des empreintes de pas et ça le sang qu’on a quand on s’est scarifié et ça a un peu goutté sur les pas.,0,0,0,0,0,0,0,0,0,0,0,0,0,1,0,0,0,0,0,0,0,0,0,0,0,1,0
"Un avion de chasse qui fait penser à l’armée, la guerre d’où le sang peut être.",0,0,0,0,0,0,0,0,0,0,0,0,0,0,0,0,0,0,0,1,0,0,0,0,0,0,0
Comme si les deux petits cochons se tapaient dans la main.,0,0,0,0,1,0,0,0,0,0,0,0,0,0,0,0,0,0,0,0,0,0,0,0,0,0,0
"Un brouillard, des formes de monstres derrière où il y a le négatif, un brouillard qui cacherait certaines parties",0,0,1,0,0,0,0,0,0,0,0,0,0,1,0,0,0,0,0,0,0,0,0,0,0,0,0
Un papillon,0,0,0,0,1,0,0,0,0,0,0,0,0,0,0,0,0,0,0,0,0,0,0,0,0,0,0
"Il y a toujours ces taches de sang après une … comme après une scarification, le sang coule alors qu’avant j’ai dit que le sang était mis sur le mur mais ici ça coule [mime la scarification sur le bras et le sang qui coule]",0,0,0,0,0,0,0,0,0,0,0,0,0,1,0,0,0,0,0,0,0,0,0,0,0,1,0
La papillon est comme le sternum et ça le monstre qui m’emprisonne en permanence.,0,0,1,0,0,0,0,0,1,0,0,0,0,0,0,0,0,0,0,0,0,0,0,0,0,0,0
"J’ai l’impression que c’est une représentation de mon corps, le cœur autour avec une ficelle, un cœur broyé.",0,0,0,0,0,0,0,0,0,0,0,0,0,0,0,0,1,0,0,0,0,0,0,0,0,0,0
Le monstre pour la dépression et le brouillard pour le fait que je suis perdu ou le masque pour montrer que je vais bien.,0,0,1,0,0,1,0,0,0,0,0,0,0,1,0,0,0,0,0,0,0,0,0,0,0,0,0
"Je vois un énorme monstre. C’est la bête noire que j’ai au fond de moi avec la tête. Pour moi c’est la colère, la rage que j’ai au fond de moi. J’ai presque peur.",1,1,1,0,0,0,0,0,0,0,0,0,0,0,0,0,0,0,0,0,0,0,0,0,0,0,0
"C’est toute la noirceur, le vide, la noirceur que je ressens en permanence. Elle fait peur celle-là.",0,0,0,0,0,0,0,0,0,0,0,0,0,1,0,0,0,0,0,0,0,0,0,0,0,0,0
Un monstre qui veut et qui m’engloutit. Elle fait peur celle-là.,0,0,1,0,0,0,0,0,0,0,0,0,0,0,0,0,0,0,0,0,0,0,0,0,0,0,0
Je dirais un papillon qui vient à peine d’être transformé entre la larve et le papillon,0,0,0,0,1,0,0,0,0,0,0,0,0,0,0,0,0,0,0,0,0,0,0,0,0,0,0
Je vois des ailes. Je ne sais pas sur celle-là.,0,0,0,0,0,0,1,0,0,0,0,0,0,0,0,0,0,0,0,0,0,0,0,0,0,0,0
"Des ailes d’un papillon qui vient de se transformer qui part dans la vie mais il est noir. On dirait qu’il va affronter la vie mais pas tout à fait affronter car il est tout noir et n’a pas encore ses couleurs. C’est un peu moi face au monde extérieur. Il y a ce monstre d’avant qui m’empêche de prendre mon envol.

Voilà.",0,0,0,0,1,0,1,0,0,0,0,0,0,0,0,0,0,0,0,0,0,0,0,0,0,0,0
Une épée … le noir est moins intense.,0,0,0,0,0,0,0,0,0,0,0,0,0,0,0,0,0,0,0,1,0,0,0,0,0,0,0
"Je
vois le monstre d’avant [planche IV] comme si le papillon d’avant [planche V]
comme si l’épée était plantée dans le monstre et passait par le papillon qui
représenterait mon cœur.",0,0,1,0,1,0,0,0,0,0,0,0,0,0,0,0,0,0,0,1,0,0,0,0,0,0,0
J’ai l’impression que ça représente quand j’ai des crises d’angoisse …,0,0,0,0,0,0,0,0,0,0,0,0,0,1,0,0,0,0,0,0,0,0,0,0,0,0,0
"Un couteau planté dans mon cœur. Il y a trop de noir, avant il y avait du rouge et de l’espace. Il n’y a plus d’espace, tout est noir, le cœur a été traversé par une épée.",0,0,0,0,0,0,0,0,1,0,0,0,0,0,0,0,0,0,0,1,0,0,0,0,0,0,0
Ça représente la mort puisque l’épée est en forme de croix … planter l’épée dans le cœur c’est tuer quelqu’un. C’est comme quand j’ai mes crises d’angoisse. Je pourrais l’afficher au mur et dire que c’est mes crises d’angoisse.,0,0,0,0,0,1,0,0,0,0,0,0,0,0,0,0,0,0,0,1,0,0,0,0,0,0,0
L’épée a une forme de croix mais et est vivante comme s’il avait une force supérieure qui déciderait et pas ma volonté comme si ça dépendait d’autre chose,0,0,1,0,0,1,0,0,0,0,0,0,0,0,0,0,0,0,0,1,0,0,0,0,0,0,0
Hm … Je sais pas … ça m’angoisse un peu … l’image à trop de blanc et le noir n’est pas assez noir. Ça me fait penser à l’air car l’espace paraît fluide.,0,0,0,0,0,0,0,0,0,0,0,0,1,0,0,0,0,0,0,0,0,0,0,0,0,0,0
"C’est la liberté qu’on respire frais le matin

Ouais franchement je ne sais pas

Elle [la planche] paraît innocente, ce gris est innocent par rapport aux autres images.

Je crois que c’est ce que cherchait, cette sensation de liberté que je n’ai pas connue. C’est ça qui me perturbe.",0,0,0,0,0,1,0,0,0,0,0,0,0,0,0,0,0,0,0,1,0,0,0,0,0,0,0
Oh beaucoup de couleurs ! Des petites marmottes sur le côté,0,0,0,0,1,0,0,0,0,0,0,0,0,0,0,0,0,0,0,0,0,0,0,0,0,0,0
Un crâne … os de chien. C’est coloré. Cette carte ne me comprend pas du tout. Limite ça m’angoisse car c’est ce que je n’ai jamais connu.,0,0,0,0,0,0,1,0,0,0,0,0,0,0,0,0,0,0,0,0,0,0,0,0,0,0,0
Mon corps qui se bataille et m’angoisse. Ce sont toutes les choses inaccessibles.,0,0,0,0,0,0,0,0,0,0,0,0,0,0,0,0,1,0,0,0,0,0,0,0,0,0,0
"Encore de la couleur [plisse les yeux pour montrer son mécontentement ou son malaise mais sourit] Des bois de cerf
",0,0,0,0,0,0,1,0,0,0,0,0,0,0,0,0,0,0,0,0,0,0,0,0,0,0,0
Une fusée qui décolle,0,0,0,0,0,0,0,0,0,0,0,0,0,0,0,0,0,0,0,1,0,0,0,0,0,0,0
"L’avancée de la vie. Le rose des bébés. C’est la route de la vie et on arrive à l’orange, le côté rouge, sang de la mort",0,0,0,0,0,1,0,0,0,0,0,0,0,0,0,0,0,0,0,0,0,0,0,0,0,0,0
La porte ouverte vers la suite. La vie après la mort enfin le paradis ou l’enfer … selon les croyances. Elle est positive cette image. Elle ne me fait pas vibrer comme les autres où je ressentais l’image. Ça me paraît tellement loin de moi.,0,0,0,0,0,1,0,0,0,0,0,0,0,0,0,0,0,0,0,1,0,0,0,0,0,0,0
Et encore le papillon là. Je sais pas,0,0,0,0,1,0,0,0,0,0,0,0,0,0,0,0,0,0,0,0,0,0,0,0,0,0,0
"Ça me fait penser aussi à la liberté, pleine de comme …",0,0,0,0,0,1,0,0,0,0,0,0,0,0,0,0,0,0,0,0,0,0,0,0,0,0,0
"Vu qu’il y a plusieurs couleurs, c’est le fait d’être heureux, s’émerveiller devant chaque détail de la vie.",0,0,0,0,0,1,0,0,0,0,0,0,0,0,0,0,0,0,0,0,0,0,0,0,0,0,0
Le rose comme si la vie est belle.,0,0,0,0,0,1,0,0,0,0,0,0,0,0,0,0,0,0,0,0,0,0,0,0,0,0,0
"Le rose des marmottes comme quand les bébés naissants, ils sont un peu violacés. J’ai du mal sur cette plan [commence à dire le mot planche sans terminer le mot] … les couleurs

Je sais pas … franchement je sais pas
",0,0,0,0,1,1,0,0,0,0,0,0,0,0,0,1,0,0,0,0,0,0,0,0,0,0,0
"Elle est belle celle-là
Un champ de fleurs
",0,0,0,0,0,0,0,0,0,0,0,1,0,0,0,0,0,0,0,0,0,0,0,0,0,0,0
"Des feux d’artifice. Avec ces différentes couleurs, cela me fait penser à savourer les petits moments de la vie vous savez comme quand on dit de profiter des petits moments dans la vie.",0,0,0,0,0,0,0,0,0,0,0,0,1,1,0,0,0,0,0,0,0,0,0,0,0,0,0
"C’est une image positive que j’arrive à accepter. Je ne suis pas choquée comme pour les autres, où il y avait comme une barrière. Celle-là m’inspire le positif, la vie avec un grand V si je puis dire, le fait d’aller mieux comme si la vie est un bouquet final avec des moments où ça pétille et des moments où ça pétille moins. J’aime bien cette image.",0,0,0,0,0,1,0,0,0,0,0,0,0,0,0,0,0,0,0,0,0,0,0,0,0,0,0
"Et on pourrait dire que les lignes roses sont le parcours que je fais ici en tout cas, comme si je renaissais.",0,0,0,0,0,1,0,0,0,0,0,0,0,0,0,0,0,0,0,0,0,0,0,0,0,0,0
Là je vois des oiseaux.,0,0,0,0,1,0,0,0,0,0,0,0,0,0,0,0,0,0,0,0,0,0,0,0,0,0,0
"Le vert, des arbres, la sensation de calme en forêt


C’est apaisant je trouve [la planche]
",0,0,0,0,0,1,0,0,0,0,0,1,0,0,0,0,0,0,0,0,0,0,0,0,0,0,0
"Je vois plein de choses en même temps… Des sortes de fées.
  Ca ressemble pas à grand-chose
  Des fées sur une fontaine ou qui transportent une robe
 C’est stressant un peu !
 
 
 Et comment on fait les tâches ?",0,0,1,0,0,0,0,0,0,0,0,0,0,0,0,0,0,0,0,0,0,0,0,0,0,0,0
"Un chemin qui mène à un château avec des escaliers.
 J’ai de l’imagination, quand même !",0,0,0,0,0,0,0,0,0,1,0,0,0,0,0,0,0,0,0,0,0,0,0,0,0,0,0
"Non c’est pas des cochons… un sorte de lapin, non, des ânes, des bébés ânes.",0,0,0,0,1,0,0,0,0,0,0,0,0,0,0,0,0,0,0,0,0,0,0,0,0,0,0
"Et des mains… qui portent un verre.
 
 J’ai de l’imagination, quand même !",0,0,0,0,0,0,0,0,0,0,0,0,0,0,0,0,1,0,0,0,0,0,0,0,0,0,0
Ah ! Ca fait peur !Je viens de penser à un truc bizarre. Deux femmes qui se regardent.,0,0,0,0,0,0,0,0,0,0,0,0,0,0,0,1,0,0,0,0,0,0,0,0,0,0,0
Un papillon au milieu.,0,0,0,0,1,0,0,0,0,0,0,0,0,0,0,0,0,0,0,0,0,0,0,0,0,0,0
"Des sortes de fourmis ou d’insectes. Elles ont un bec, des madames oiseaux.
 
 C’est bizarre et stressant en même temps.",0,0,0,0,1,0,0,0,0,0,0,0,0,0,0,0,0,0,0,0,0,0,0,0,0,0,0
"*Rit* Grimace* J’arrive pas à voir. Une sorte d’alien avec une grosse veste. Oui, c’est ça. La reine des aliens.",0,0,1,0,0,0,0,0,0,0,0,0,0,0,0,0,0,0,0,0,0,0,0,0,0,0,0
"Un sorte d’insecte qui vole. Oui, un papillon. Non, pas vraiment, une créature qui peut voler.",0,0,0,0,1,0,0,0,0,0,0,0,0,0,0,0,0,0,0,0,0,0,0,0,0,0,0
"Un insecte qui sort d’un trou, une sorte de créature marine qui sort d’un trou…",0,0,0,0,1,0,0,0,0,0,0,0,0,0,0,0,0,0,0,0,0,0,0,0,0,0,0
qui sort de la bouche d’un gros animal.,0,0,0,0,1,0,0,0,0,0,0,0,0,0,0,0,0,0,0,0,0,0,0,0,0,0,0
"J’arrive pas à voir, on dirait un sorte de grand truc, de portail. On passe dessous…",0,0,0,0,0,0,0,0,0,1,0,0,0,0,0,0,0,0,0,0,0,0,0,0,0,0,0
qui tient avec des lions en robe.,0,0,0,0,1,0,0,0,0,0,0,0,0,0,0,0,0,0,0,0,0,0,0,0,0,0,0
"Waouh c’est coloré ! C’est le reflet d’un animal sur l’eau, qui est en train de marcher.",0,0,0,0,1,0,0,0,0,0,0,0,0,0,0,0,0,0,0,0,0,0,0,0,0,0,0
"Y a une explosion, on voit l’explosion sortir du trou, une explosion de couleurs. Pfiou ! Du rose. Ca c’est le volcan, ce qu’il y a à l’intérieur, et ça l’explosion.",0,0,0,0,0,0,0,0,0,0,0,0,0,0,1,0,0,0,0,0,0,0,0,0,0,0,0
"J’arrive pas à voir ce que c’est. On dirait… pas des pélicans, les trucs roses de mer. Heu… je sais plus comment ça s’appelle. Un animal de mer avec une tête de singe qui souffle dans un coquillage pour faire du bruit.",0,0,0,0,1,0,0,0,0,0,0,0,0,0,0,0,0,0,0,0,0,0,0,0,0,0,0
Et des petites souris plus loin.,0,0,0,0,1,0,0,0,0,0,0,0,0,0,0,0,0,0,0,0,0,0,0,0,0,0,0
"Un insecte avec deux grandes ailes, petites mandibules. C'est dur de voir autre chose, quand on a déjà vu quelque chose.",0,0,0,0,1,0,0,0,0,0,0,0,0,0,0,0,0,0,0,0,0,0,0,0,0,0,0
Pas des masses... à la limite un casque de guerrier antique.,0,0,0,0,0,0,0,0,0,0,0,0,0,0,0,0,0,0,0,1,0,0,0,0,0,0,0
"Moi qui pensais avoir de l'imagination ! Deux jambes serrées, avec les contours, deux gros croquenots, un peu style B.D.",0,0,0,0,0,0,0,0,0,0,0,0,0,0,0,0,1,0,0,0,0,0,0,0,0,0,0
"Les deux taches rouges, deux profils qui se regardent : oeil, sourcil, narine.",0,0,0,0,0,0,0,0,0,0,0,0,0,0,0,0,1,0,0,0,0,0,0,0,0,0,0
Elle ne m'inspire pas grand-chose. Une tête d'insecte avec des antennes,0,0,0,0,0,0,1,0,0,0,0,0,0,0,0,0,0,0,0,0,0,0,0,0,0,0,0
Ah ! Un sexe de femme,0,0,0,0,0,0,0,0,0,0,0,0,0,0,0,0,0,0,0,0,0,0,0,0,1,0,0
Et en dessous le bout d'un sexe d'homme avec le prépuce remonté... Je n'avais pas fait gaffe.,0,0,0,0,0,0,0,0,0,0,0,0,0,0,0,0,0,0,0,0,0,0,0,0,1,0,0
"ça c'est rigolo ! Les taches noires, deux Africaines en train de moudre le mil.",0,0,0,0,0,0,0,0,0,0,0,0,0,0,0,0,1,0,0,0,0,0,0,0,0,0,0
ça on dirait un peu deux guitares électriques.,0,0,0,0,0,0,0,0,0,0,0,0,0,0,0,0,0,0,0,1,0,0,0,0,0,0,0
"Dans l'autre sens, encore un insecte : tête, mandibules, pattes de chaque côté.",0,0,0,0,1,0,0,0,0,0,0,0,0,0,0,0,0,0,0,0,0,0,0,0,0,0,0
"Dans les deux sens, aussi une tête d'insecte, c'est le côté déchiqueté des formes qui doit faire ça.",0,0,0,0,0,0,1,0,0,0,0,0,0,0,0,0,0,0,0,0,0,0,0,0,0,0,0
Une caricature de la botte italienne,0,0,0,0,0,0,0,0,0,0,0,0,0,0,1,0,0,0,0,0,0,0,0,0,0,0,0
Une tête de chien avec le museau et les babines,0,0,0,0,0,0,1,0,0,0,0,0,0,0,0,0,0,0,0,0,0,0,0,0,0,0,0
Deux têtes d'éléphants avec la trompe qui monte.,0,0,0,0,0,0,1,0,0,0,0,0,0,0,0,0,0,0,0,0,0,0,0,0,0,0,0
"En haut, deux têtes de dromadaire avec l'avancée de l'arcade sourcilière.",0,0,0,0,0,0,1,0,0,0,0,0,0,0,0,0,0,0,0,0,0,0,0,0,0,0,0
Un papillon.,0,0,0,0,1,0,0,0,0,0,0,0,0,0,0,0,0,0,0,0,0,0,0,0,0,0,0
Une chauve-souris,0,0,0,0,1,0,0,0,0,0,0,0,0,0,0,0,0,0,0,0,0,0,0,0,0,0,0
"Un goéland qui crie, les ailes ouvertes.",0,0,0,0,1,0,0,0,0,0,0,0,0,0,0,0,0,0,0,0,0,0,0,0,0,0,0
"Un lapin écrasé sur la route, oreilles et pattes",0,0,0,0,1,0,0,0,0,0,0,0,0,0,0,0,0,0,0,0,0,0,0,0,0,0,0
"ça pourrait être une peau de bête, tête, museau, moustache. Je ne vois que des animaux.",0,0,0,0,1,0,0,0,0,0,0,0,0,0,0,0,0,0,0,0,0,0,0,0,0,0,0
C'est dur de voir un avion à réaction là-dedans.,0,0,0,0,0,0,0,0,0,0,0,0,0,0,0,0,0,0,0,1,0,0,0,0,0,0,0
"En haut, deux poings avec le pouce levé.",0,0,0,0,0,0,0,0,0,0,0,0,0,0,0,0,1,0,0,0,0,0,0,0,0,0,0
"Deux personnages qui se tournent le dos. Ils sont de profil, mèche en avant baissant légèrement la tête.",0,0,0,0,0,0,0,0,0,0,0,0,0,0,0,1,0,0,0,0,0,0,0,0,0,0,0
"Un animal qui saute, qui enjambe quelque chose, un félin.",0,0,0,0,1,0,0,0,0,0,0,0,0,0,0,0,0,0,0,0,0,0,0,0,0,0,0
Une fleur d'orchidée,0,0,0,0,0,0,0,0,0,0,0,1,0,0,0,0,0,0,0,0,0,0,0,0,0,0,0
Un sexe de femme avec le pubis.,0,0,0,0,0,0,0,0,0,0,0,0,0,0,0,0,0,0,0,0,0,0,0,0,1,0,0
"A la limite, les deux taches vertes, des profils d'ours avec la petite oreille.",0,0,0,0,0,0,1,0,0,0,0,0,0,0,0,0,0,0,0,0,0,0,0,0,0,0,0
"Un homme qui descend du ciel avec de grandes ailes, qui va atterrir, un cosmonaute. A la place du parachute il y a les ailes.",0,0,0,0,0,0,0,0,0,0,0,0,0,0,0,1,0,0,0,0,0,0,0,0,0,0,0
"Au milieu un visage dessiné par un enfant : les yeux jaunes, les sourciles, la bouche.",0,0,0,0,0,0,0,0,0,0,0,0,0,0,0,0,1,0,0,0,0,0,0,0,0,0,0
"C'est marrant, ce dessin... Quelque chose de... en rapport avec la cosmogonie, la galaxie, un feu d'artifice.",0,0,0,0,0,0,0,0,0,0,0,0,0,0,0,0,0,0,0,0,0,0,1,0,0,0,0
"ça pourrait être le visage du diable avec des cornes et, au-dessus un ange, un ange déchu. C'est ésotérique, c'est une vision de l'univers, mais c'est assez joyeux pour les forces du mal.",0,0,1,0,0,0,0,0,0,0,0,0,0,0,0,0,0,0,0,0,0,0,0,0,0,0,0
"Un sexe de femme. J'aurais pu le dire pour tous les dessins à cause de la pliure. C'est la tache la plus rigolote, d'autres étaient plus strictes, plus inquiétantes.",0,0,0,0,0,0,0,0,0,0,0,0,0,0,0,0,0,0,0,0,0,0,0,0,1,0,0
"Argh en plus on peut
 même faire un éléphant, genre la
 trompe, la patte et tout ça, avec
 une espèce de truc là",0,0,0,0,1,0,0,0,0,0,0,0,0,0,0,0,0,0,0,0,0,0,0,0,0,0,0
"Ça peut être des chevaux
 aussi",0,0,0,0,1,0,0,0,0,0,0,0,0,0,0,0,0,0,0,0,0,0,0,0,0,0,0
"Mais un peu sur la même
 logique, en fait, je vais être
 honnête avec toi, ça m’a fait
 penser à un lapin maintenant je
 suis incapable de te le décrire, ah
 si peut être le nez un peu là
 (montre)
 Ce qui est assez drôle c’est du
 coup que là c’est l’oreille qui
 monte et tout ça, et la patte qui est
 un peu pas du bon côté quoi mais
 humm Au départ quand je pensais à un
 lapin, je ne le pensais pas mort
 (rires) c’est que une fois que
 t’essaies de te poser sur le truc
 que…",1,0,0,0,0,0,0,0,0,0,0,0,0,0,0,0,0,0,0,0,0,0,0,0,0,0,0
"Et là dans le sens-là (me
 montre la planche en la regardant
 lui à l’envers de ce qu’il voit) ça
 me fait penser, mais alors c’est
 marrant, parce que c’est pas une
 ombre c’est l’inverse en fait, c’est
 le négatif d’un mec avec un
 chapeau genre Napoléon tu vois,
 et là c’est son col tu vois avec le
 col remonté comme ça (fait les
 geste) pour avoir bien chaud,
 Il a un chapeau genre Napoléon tu
 vois, et derrière tu as la nuit et lui
 il est vachement éclairé au point
 qu’on ne voit pas son visage",0,0,0,0,0,0,0,0,0,0,0,0,0,0,0,1,0,0,0,0,0,0,0,0,0,0,1
"Mais en fait, sur le
 principe ça me fait plus penser à
 une peinture, parce qu’en fait t’as
 des trucs qui seraient des…. Et ça
 coule en fait, genre tu vois tu as
 mis la peinture et machin, t’as fait
 ton Napoléon c’est cool et hop ça
 coule en fait (montre le dessous de
 l’image).",0,0,0,0,0,0,0,0,0,0,1,0,0,1,0,0,0,0,0,0,0,0,0,0,0,0,0
"Et aussi un éléphant, avec
 les yeux, la trompe là, mais faut
 occulter ça (cache le reste de
 l’image)",0,0,0,0,1,0,0,0,0,0,0,0,0,0,0,0,0,0,0,0,0,0,0,0,0,0,0
"Et alors comme ça, ça
 fait vachement penser à un feu et
 encore plus que tout à l’heure car
 t’as la notion de vent qui va avec
 tu vois,",0,0,0,0,0,0,0,0,0,0,0,0,1,0,0,0,0,0,0,0,0,0,0,0,0,0,0
"T’as une petite île où t’as
 plein de fumée qui est émise et tu
 vois t’as trois événements de feu,
 ‘fin tu vois ou genre des
 bourrasques qui fait que ça s’est
 « dissocié » une première qui a
 fait une colonne de fumée là, une
 deuxième là et encore une là.
 T’as la notion de feu avec le vent
 du coup
 Et vu la forme ça peut même être
 un feu de camp en fait. T’as
 vraiment ce côté un peu arrondi-là
 de flamme qui fait ça. Et ça fait
 genre t’essayes de faire des
 signaux de fumée un truc comme
 ça",0,0,0,0,0,0,0,0,0,0,0,0,1,0,0,0,0,0,0,0,1,0,0,0,0,0,0
"Et maintenant que j’ai vu
 ça, de l’autre côté je vois
 exactement la même chose. Juste
 le vent est dans l’autre sens quoi Pour le coup je trouve que c’est
 assez joli la façon dont ça a été…
 C’est d’autant plus cohérent avec
 le fait que tu vois la fumée et après
 tout est blanc c’est-à-dire que ton
 feu de camp, c’est drôle parce
 qu’on ne voit pas les flammes,
 encore une incohérence mais il a
 vachement de lumière autour, tu
 vois.
 Après ça c’est surtout de la
 rationalisation parce que ce qu’on
 voit surtout c’est le feu.",0,0,0,0,0,0,0,0,0,0,0,0,1,0,0,0,0,0,0,0,0,0,0,0,0,0,0
"Ça me fait penser à un
 voilier aussi, mais alors là ne me
 demande pas où",0,0,0,0,0,0,0,0,0,0,0,0,0,0,0,0,0,0,0,1,0,0,0,0,0,0,0
"Je vois et c’est très joli ça
 un mix entre un ours et un chien,
 juste la tronche qui fait ours, mais
 là t’as vraiment des jambes fin’ je
 sais pas en plus comme c’est,
 vraiment bien foutu, là t’as
 l’ombre à l’intérieur celle-ci est
 légèrement plus foncée (montre
 les pattes).",1,0,0,0,0,0,0,0,0,0,0,0,0,0,0,0,0,0,0,0,0,0,0,0,0,0,0
": Donc en fait t’as une
 espèce de rocher là, sur lequel, il
 est en train d’avancer, celle-là (la
 patte) elle est un peu dans le vide
 et genre il atterri de l’autre côté C’est assez joli dans ce sens là",0,0,0,0,1,0,0,0,0,0,0,0,0,0,0,0,0,0,1,0,0,0,0,0,0,0,0
"mais une fois encore ça
 me fait penser à un, merde,
 comment dire, un utérus pour le
 coup. Avec les trompes là (montre
 ours),",0,0,0,0,0,0,0,0,1,0,0,0,0,0,0,0,0,0,0,0,0,0,0,0,0,0,0
"Ça, ça me fait penser à un
 squelette mais je pense que les
 côtés un peu couleur blanche m’y
 fait pas mal penser.
 Squelette un peu bizarre j’en
 conviens
 Là t’as les yeux le nez, ça fait
 genre tête de cerf un peu en
 squelette, un cerf un peu bizarre
 Ça, ça peut être des dents, c’est un
 animal bizarre qui est mi rongeur,
 tu vois parce que tu as les deux
 dents de devant qui font partie du
 squelette, les yeux là et en mode
 ça fait un peu peur, tu vois, parce
 que t’as les yeux je trouve un peu
 chelou, tu vois",0,0,0,0,0,0,1,0,1,0,0,0,0,0,0,0,0,0,0,0,0,0,0,0,0,0,0
"Ça fait un peu labyrinthe
 de Pan",0,0,0,0,0,0,0,0,0,1,1,0,0,0,0,0,0,0,0,0,0,0,0,0,0,0,0
": Puis pour le coup, si on
 occulte un peu l’espèce d’ours qui
 saute, en fait, ça fait vachement
 île. Ça me fait penser à l’eau à
 chaque fois avec genre un soleil
 qui se lève, t’as la rosée du matin
 et t’as la zone un peu plus avec les
 îles avec le brouillard d’un côté
 (gris) et le côté soleil qui se lève
 (orange), avec des jolies fleurs et
 au milieu le delta avec un peu
 moins d’humidité et le ciel",0,0,0,0,0,0,0,0,0,0,0,1,1,1,0,0,0,0,0,0,1,0,0,0,0,0,0
"humhum ; Là si on
 regarde que le blanc, pas les
 couleurs, tu vois deux personnes
 qui sont en train de discuter,
 Là faut vraiment regarder en
 négatif, quoi le blanc avec la table,
 l’environnement,
 C’est méta, tu vois ça pourrait être
 nous (rires)",0,0,0,0,0,0,0,0,0,0,0,0,0,0,0,1,0,0,0,1,0,0,0,0,0,0,0
"là tu as genre les yeux
 (montre), il y a quelqu’un qui a un
 masque blanchâtre, les yeux et il a
 un front avec une espèce de grosse
 calotte, ça fait une grosse tête",0,0,0,0,0,0,0,0,0,0,0,0,0,0,0,1,0,1,0,0,0,0,0,0,0,0,1
"Ça me fait même penser
 un peu au masque japonais un peu,
 les masques que portaient les
 samouraïs, je sais que ça ne
 ressemble pas à ça mais ça me fait
 penser à ça pour effrayer
 typiquement. Mais il a un peu l’air con car je
 sais pas, le choix des couleurs du
 masque sont pas très effrayantes,
 rose, bleu clair comme ça c’est
 très reposant et le rose je trouve
 pas ça très agressif tu vois Et sur le même principe du coup,
 une fois encore, en fait il est
 intéressant celui-là parce qu’il a
 vraiment plein de couleurs, c’est
 pas que les couleurs mais il a plein
 de ….",0,0,0,0,0,0,0,0,0,0,0,0,0,0,0,0,0,1,0,0,0,0,0,0,0,0,0
"Tu vois on peut encore
 retrouver le feu que j’ai évoqué
 avec la couleur qui joue
 énormément mais bon la fumée
 rose c’est un peu chelou quoi
 (orange)",0,0,0,0,0,0,0,0,0,0,0,0,1,1,0,0,0,0,0,0,0,0,0,0,0,0,0
"Au sens large, il y a
 tellement de têtes genre un raton
 laveur, le côté blanc avec le plus
 foncé au-dessus",0,0,0,0,0,0,1,0,0,0,0,0,0,0,0,0,0,0,0,0,0,0,0,0,0,0,0
"La encore des yeux, des
 oreilles, ça me fait penser à un
 panda roux du coup la forme",0,0,0,0,1,0,0,0,0,0,0,0,0,0,0,0,0,0,0,0,0,0,0,0,0,0,0
"Dans ce sens-là, on dirait
 une robe de mariée tu vois, t’as les
 bras, t’as un visage avec les
 cheveux, le visage est un peu mal
 foutu mais t’as les cheveux",0,0,0,0,0,0,0,0,0,0,0,0,0,0,0,0,1,0,0,0,0,0,0,0,0,0,1
"Si on va plus loin, ces
 trucs là, ça peut être des ailes
 (montre le vert) et on y revient à
 mon ange",0,0,0,1,0,0,0,0,0,0,0,0,0,0,0,0,0,0,0,0,0,0,0,0,0,0,0
"Après ça peut me faire
 penser à tous les animaux de la
 Terre, ça me fait penser à un
 animal encore. La petite oreille, le nez, la gueule ici, un peu
 bizarroïde",0,0,0,0,1,0,0,0,0,0,0,0,0,0,0,0,0,0,0,0,0,0,0,0,0,0,0
"Ça (rose), ça m’a fait
 penser, c’est impossible à
 expliquer. Sur les trains à vapeur,
 t’as un asservissement qui a cette
 forme là, ça, ça veut juste dire que
 j’aime bien mon boulot (rire). En
 fait ; C’est les boules de newton
 qu’on appelle ça et hum, en gros
 c’est un truc ça tourne, plus ça
 tourne vite avec le poids, plus ça
 tourne vite, plus ça s’éloigne du
 coup ça ferme la chappe qui
 relâche de la vapeur qui fait que ça
 libère plus de vapeur et comme ça
 libère plus de vapeur ça tourne
 moins vite du coup ça se
 rapproche, comme ça se
 rapproche, ça serre un peu du coup
 ça fait que ça chauffe ça monte en
 pression et ça continue comme ça.
 Mais bon c’est voilà",0,0,0,0,0,0,0,0,0,0,0,0,0,0,0,0,0,0,0,1,0,0,0,0,0,0,0
"maintenant si mais ça m’a
 pris du temps… mais une vallée
 avec des arbres, une cascade un
 peu au milieu genre hum…
 Initialement ça me faisait penser à
 une vallée mais en fait avec le
 petit truc là légèrement arrondi tu
 voyais le soleil arriver derrière
 dans la vallée.
 Après j’ai vu une cascade et
 effectivement ça, ça peut faire
 penser à de l’eau qui tombe sauf
 que ça n’a rien à voir parce que ce
 n’est pas dans le bon sens mais t’as vraiment ce côté la vallée, les
 arbres, t’as genre ici ça heu…la
 montagne, par contre le soleil
 arrive par
 -là, par contre, il est
 vachement grand le soleil mais il
 n’est pas si éblouissant que ça,
 donc bon voilà",0,0,0,0,0,0,0,0,0,0,0,0,0,0,0,0,0,0,0,0,1,0,0,0,0,0,0
"Là je vais un peu plus loin
 en termes d’interprétation, là en
 fait j’ai l’impression qu’il y a
 quelqu’un allongé avec un lit
 remonté et quelqu’un qui est
 comme ça (s’appuie avec ses
 coudes sur la table) à côté, tu vois,
 et du coup la scène que j’interprète
 c’est que là t’as un troisième
 personnage, trois couleurs trois
 personnages
 Celui
 -là est plus proche, avec une
 grosse tête tu vois, c’est un enfant
 Là c’est un adulte (vert) , un
 adulte qui borde le mourant, et le
 gosse qui est à côté qui regarde la
 scène.
 et un autre adulte (orange), là je le
 vois comme un adulte mourant
 (orange), Ce qui est assez drôle, je pense
 que c’est le jeu des couleurs qui
 fait ça, c’est peut être cliché mais
 je vois un homme (vert), une
 femme (orange), et
 paradoxalement, je vois un petit
 garçon
 Je pense que c’est parce que ça me
 rappelle une scène que j’ai déjà vu
 en l’occurrence, mais les genres là
 ils sont inversés c’était ma tante
 qui bordait mon arrière-grand-père je crois, une grande tante que je
 connais à peine.",0,0,0,0,0,0,0,0,0,0,0,0,0,0,0,1,0,0,0,1,0,0,0,0,0,0,0
"Cette zone-là, une fois
 encore, de t’façon je crois qu’on
 voit toujours un peu la même,
 chose, mais là avec le choix des
 couleurs, on dirait vraiment une île
 et c’est pour le coup assez joli car
 les couleurs commencent à
 vraiment devenir intéressantes.
 T’as vraiment l’île avec le début
 du bout de orange et tout ça, t’as
 vraiment la mer et le ciel mais qui
 sont un peu embrumés tout ça
 vraiment très joli Voilà
 C’est marrant parce qu’ils ne
 mettent de la couleur qu’à la fin,",0,0,0,0,0,0,0,0,0,0,0,0,0,0,0,0,0,0,0,0,1,0,0,0,0,0,0
"Ça me fait penser à une
 mouche, non à un moustique
 plutôt, genre la trompe super fine,
 avec les gros yeux",0,0,0,0,1,0,0,0,0,0,0,0,0,0,0,0,0,0,0,0,0,0,0,0,0,0,0
"Bizarre, je vois un
 bonhomme mais en négatif, c’està-dire que t’as genre les jambes ici
 (montre le blanc), et je sais pas
 pourquoi il a ça sur les jambes,
 une brassière ou je sais pas quoi,
 tu vois, ou un soutif plutôt, et du
 coup la tête est là sauf que les
 proportion sont bizarres, et là c’est
 l’espèce de creux du cou (orange) tu vois, du coup ça fait un super
 cou balaise et il n’y a pas de bras
 Surtout que c’est assez bizarre, il y
 a une ambiance, heu je sais pas
 c’est tout à fait bizarre, mais je le
 vois en négatif c’est ça qui est
 drôle",0,0,1,0,0,0,0,0,0,0,0,0,0,0,0,0,0,0,0,0,0,0,0,0,0,0,1
"Ça, ça me fait penser à la
 tour Eiffel",0,0,0,0,0,0,0,0,0,1,0,0,0,0,0,0,0,0,0,0,0,0,0,0,0,0,0
"Ça, ça me fait penser à
 genre des crabes qui se baladent
 avec une feuille",0,0,0,0,1,0,0,0,0,0,0,1,0,0,0,0,0,0,0,0,0,0,0,0,0,0,0
"Ça, ça me fait penser à
 une fourmi qui se balade genre
 avec une feuille d’automne",0,0,0,0,1,0,0,0,0,0,0,1,0,0,0,0,0,0,0,0,0,0,0,0,0,0,0
": Ça, ça me fait penser à des
 œufs Il y a plein de trucs qui me font
 penser à de la bouffe là-dedans
 aussi",0,0,0,0,0,0,0,1,0,0,0,0,0,0,0,0,0,0,0,0,0,0,0,0,0,0,0
"Tu vois ça, ça me fait
 penser à des crevettes En fait je sais pas, pourtant j’ai
 bien manger à midi, ça me fait
 quand même pas mal penser à de
 la nourriture",0,0,0,0,0,0,0,1,0,0,0,0,0,0,0,0,0,0,0,0,0,0,0,0,0,0,0
"J’arrive vraiment pas à
 voir l’ensemble, ça, ça me fait
 penser à des hippocampes tu vois,
 et du pesto (rires), vu que je suis
 parti sur le thème de la nourriture
 et du coup il y a de la continuité Elle ne m’inspire pas de trop, c’est
 dommage, c’est la plus colorée, la
 plus….",0,0,0,0,1,0,0,1,0,0,0,0,0,0,0,0,0,0,0,0,0,0,0,0,0,0,0
"C’est un peu capillotracté
 un peu après, mais là t’aurai un
 soleil qui se lève un peu comme
 ça, et des usines avec de la fumée
 très sombre, t’as le soleil, et là je
 sais pas quel est l’origine de ce
 truc là en bleu, mais t’as encore
 vraiment cette notion de vent avec
 le côté usine et la fumée qui est un
 peu plus je sais pas rose, je sais
 pas quoi qui est au contact de je
 sais pas quel autre truc et ça
 change de couleur.
 De toute façon tout va dans le
 même sens Voilà, en fait elle m’inspire pas
 beaucoup celle là",0,0,0,0,0,0,0,0,0,1,0,0,1,1,0,0,0,0,0,0,1,0,0,0,0,0,0
": Là ça me fait penser à une
 chèvre (rires), et pour le coup c’est
 pas trop mal je trouve.
 Tu sais, les chèvres et les chiens
 ils ont ça aussi, en fait ils ont une
 truffe, et un espèce de truc ‘fin tu
 vois quoi, et du coup ça (orange),
 ça me fait vachement penser au
 piff d’une chèvre ou d’un … et c’est ça qui crée le trucs avec les
 yeux ici (montre blanc)",0,0,0,0,1,0,0,0,0,0,0,0,0,0,0,0,0,0,0,0,0,0,0,0,0,0,0
"T’as un gouffre tu vois,
 t’as le bord du gouffre là, deux
 types, deux personnes qui se
 tiennent la main et qui essayent de
 genre s’aider à passer au-dessus
 du gouffre tu vois, et toi t’as la vue
 d’en dessous, t’es en contreplongée et tu vois les mecs audessus qui essayent de s’aider à
 traverser le gouffre, tu vois",0,0,0,0,0,0,0,0,0,0,0,0,0,0,0,1,0,0,1,0,0,0,0,1,0,0,0
